cfg_var,tag,symbol,kind,tf_secs,lookback,hold_bars,sl_atr_mult,atr_period,bb_k,rsi_threshold,round_trip_bp,max_history,trail_arm_atr,trail_dist_atr,trail_tighten_atr,trail_tighten_dist_atr
s43b_suiusdt_tsmom_28800_45_8_cfg,SUI-TSMOM-H8,suiusdt,TSMOM,28800,45,8,2.0,14,2.0,30.0,22,128,1.0,0.5,3.0,0.25
s41_fetusdt_tsmom_h3_cfg,FET-TSMOM-H3,fetusdt,TSMOM,10800,45,24,4.0,14,2.0,30.0,22,128,1.0,0.5,3.0,0.25
s41_imxusdt_tsmom_h6_cfg,IMX-TSMOM-H6,imxusdt,TSMOM,21600,60,18,4.0,14,2.0,30.0,22,128,1.0,0.5,3.0,0.25
s41_avaxusdt_tsmom_h12_cfg,AVAX-TSMOM-H12,avaxusdt,TSMOM,43200,30,24,2.0,14,2.0,30.0,22,128,1.0,0.5,3.0,0.25
s41_manausdt_ichi_h4_cfg,MANA-ICHI-H4,manausdt,ICHIMOKU,14400,60,12,3.0,14,2.0,30.0,22,128,1.0,0.5,3.0,0.25
s41_nearusdt_ichi_h3_cfg,NEAR-ICHI-H3,nearusdt,ICHIMOKU,10800,30,24,4.0,14,2.0,30.0,22,128,1.0,0.5,3.0,0.25
s41_ldousdt_tsmom_d1_cfg,LDO-TSMOM-D1,ldousdt,TSMOM,86400,12,12,4.0,14,2.0,30.0,22,128,1.0,0.5,3.0,0.25
s41_imxusdt_ichi_h4_cfg,IMX-ICHI-H4,imxusdt,ICHIMOKU,14400,30,18,4.0,14,2.0,30.0,22,128,1.0,0.5,3.0,0.25
s41_crvusdt_ichi_h8_cfg,CRV-ICHI-H8,crvusdt,ICHIMOKU,28800,12,24,4.0,14,2.0,30.0,22,128,1.0,0.5,3.0,0.25
s42_jtousdt_tsmom_h4_cfg,JTO-TSMOM-H4,jtousdt,TSMOM,14400,60,3,1.0,14,2.0,30.0,22,128,1.0,0.5,3.0,0.25
s42_jtousdt_tsmom_h3_cfg,JTO-TSMOM-H3,jtousdt,TSMOM,10800,18,12,3.0,14,2.0,30.0,22,128,1.0,0.5,3.0,0.25
s42_jtousdt_tsmom_h8_cfg,JTO-TSMOM-H8,jtousdt,TSMOM,28800,30,8,1.0,14,2.0,30.0,22,128,1.0,0.5,3.0,0.25
s42_bomeusdt_tsmom_h4_cfg,BOME-TSMOM-H4,bomeusdt,TSMOM,14400,45,8,2.0,14,2.0,30.0,22,128,1.0,0.5,3.0,0.25
s42_bomeusdt_tsmom_h3_cfg,BOME-TSMOM-H3,bomeusdt,TSMOM,10800,60,3,1.0,14,2.0,30.0,22,128,1.0,0.5,3.0,0.25
s42_injusdt_tsmom_h3_cfg,INJ-TSMOM-H3,injusdt,TSMOM,10800,60,8,1.0,14,2.0,30.0,22,128,1.0,0.5,3.0,0.25
s42_injusdt_tsmom_h4_cfg,INJ-TSMOM-H4,injusdt,TSMOM,14400,60,8,1.0,14,2.0,30.0,22,128,1.0,0.5,3.0,0.25
s42_enausdt_tsmom_h3_cfg,ENA-TSMOM-H3,enausdt,TSMOM,10800,45,8,2.0,14,2.0,30.0,22,128,1.0,0.5,3.0,0.25
s42_bomeusdt_tsmom_h6_cfg,BOME-TSMOM-H6,bomeusdt,TSMOM,21600,60,5,2.0,14,2.0,30.0,22,128,1.0,0.5,3.0,0.25
s42_compusdt_tsmom_h3_cfg,COMP-TSMOM-H3,compusdt,TSMOM,10800,60,5,1.0,14,2.0,30.0,22,128,1.0,0.5,3.0,0.25
s42_tiausdt_tsmom_h4_cfg,TIA-TSMOM-H4,tiausdt,TSMOM,14400,30,3,1.0,14,2.0,30.0,22,128,1.0,0.5,3.0,0.25
s42_fetusdt_tsmom_h6_cfg,FET-TSMOM-H6,fetusdt,TSMOM,21600,60,12,2.0,14,2.0,30.0,22,128,1.0,0.5,3.0,0.25
s42_bomeusdt_tsmom_h8_cfg,BOME-TSMOM-H8,bomeusdt,TSMOM,28800,45,5,1.0,14,2.0,30.0,22,128,1.0,0.5,3.0,0.25
s42_injusdt_tsmom_h6_cfg,INJ-TSMOM-H6,injusdt,TSMOM,21600,30,24,1.0,14,2.0,30.0,22,128,1.0,0.5,3.0,0.25
s42_jupusdt_tsmom_h4_cfg,JUP-TSMOM-H4,jupusdt,TSMOM,14400,45,3,1.0,14,2.0,30.0,22,128,1.0,0.5,3.0,0.25
s42_uniusdt_tsmom_h4_cfg,UNI-TSMOM-H4,uniusdt,TSMOM,14400,60,5,1.0,14,2.0,30.0,22,128,1.0,0.5,3.0,0.25
s42_imxusdt_tsmom_h4_cfg,IMX-TSMOM-H4,imxusdt,TSMOM,14400,45,18,2.0,14,2.0,30.0,22,128,1.0,0.5,3.0,0.25
s42_fetusdt_tsmom_h4_cfg,FET-TSMOM-H4,fetusdt,TSMOM,14400,45,24,3.0,14,2.0,30.0,22,128,1.0,0.5,3.0,0.25
s42_tiausdt_tsmom_h3_cfg,TIA-TSMOM-H3,tiausdt,TSMOM,10800,60,18,3.0,14,2.0,30.0,22,128,1.0,0.5,3.0,0.25
s42_opusdt_tsmom_h2_cfg,OP-TSMOM-H2,opusdt,TSMOM,7200,45,18,3.0,14,2.0,30.0,22,128,1.0,0.5,3.0,0.25
s42_imxusdt_tsmom_h8_cfg,IMX-TSMOM-H8,imxusdt,TSMOM,28800,45,3,2.0,14,2.0,30.0,22,128,1.0,0.5,3.0,0.25
s42_ldousdt_tsmom_h12_cfg,LDO-TSMOM-H12,ldousdt,TSMOM,43200,60,18,1.0,14,2.0,30.0,22,128,1.0,0.5,3.0,0.25
s42_enausdt_ichi_h2_cfg,ENA-ICHI-H2,enausdt,ICHIMOKU,7200,45,3,2.0,14,2.0,30.0,22,128,1.0,0.5,3.0,0.25
s42_uniusdt_tsmom_h12_cfg,UNI-TSMOM-H12,uniusdt,TSMOM,43200,30,5,1.0,14,2.0,30.0,22,128,1.0,0.5,3.0,0.25
s42_ldousdt_tsmom_h8_cfg,LDO-TSMOM-H8,ldousdt,TSMOM,28800,45,24,1.0,14,2.0,30.0,22,128,1.0,0.5,3.0,0.25
s42_uniusdt_tsmom_h8_cfg,UNI-TSMOM-H8,uniusdt,TSMOM,28800,60,5,2.0,14,2.0,30.0,22,128,1.0,0.5,3.0,0.25
s42_avaxusdt_tsmom_h3_cfg,AVAX-TSMOM-H3,avaxusdt,TSMOM,10800,60,8,3.0,14,2.0,30.0,22,128,1.0,0.5,3.0,0.25
s42_crvusdt_tsmom_h12_cfg,CRV-TSMOM-H12,crvusdt,TSMOM,43200,60,24,1.0,14,2.0,30.0,22,128,1.0,0.5,3.0,0.25
s42_jupusdt_tsmom_h8_cfg,JUP-TSMOM-H8,jupusdt,TSMOM,28800,6,8,2.0,14,2.0,30.0,22,128,1.0,0.5,3.0,0.25
s42_imxusdt_tsmom_h12_cfg,IMX-TSMOM-H12,imxusdt,TSMOM,43200,60,3,2.0,14,2.0,30.0,22,128,1.0,0.5,3.0,0.25
s42_manausdt_tsmom_h4_cfg,MANA-TSMOM-H4,manausdt,TSMOM,14400,45,12,2.0,14,2.0,30.0,22,128,1.0,0.5,3.0,0.25
s42_xlmusdt_tsmom_h4_cfg,XLM-TSMOM-H4,xlmusdt,TSMOM,14400,45,8,2.0,14,2.0,30.0,22,128,1.0,0.5,3.0,0.25
s42_fetusdt_ichi_h3_cfg,FET-ICHI-H3,fetusdt,ICHIMOKU,10800,6,24,3.0,14,2.0,30.0,22,128,1.0,0.5,3.0,0.25
s42_runeusdt_tsmom_h4_cfg,RUNE-TSMOM-H4,runeusdt,TSMOM,14400,45,18,2.0,14,2.0,30.0,22,128,1.0,0.5,3.0,0.25
s42_arkmusdt_tsmom_h8_cfg,ARKM-TSMOM-H8,arkmusdt,TSMOM,28800,60,24,2.0,14,2.0,30.0,22,128,1.0,0.5,3.0,0.25
s42_dotusdt_tsmom_h3_cfg,DOT-TSMOM-H3,dotusdt,TSMOM,10800,45,12,4.0,14,2.0,30.0,22,128,1.0,0.5,3.0,0.25
s42_gmtusdt_tsmom_h12_cfg,GMT-TSMOM-H12,gmtusdt,TSMOM,43200,12,18,1.0,14,2.0,30.0,22,128,1.0,0.5,3.0,0.25
s42_sandusdt_tsmom_h8_cfg,SAND-TSMOM-H8,sandusdt,TSMOM,28800,45,5,1.0,14,2.0,30.0,22,128,1.0,0.5,3.0,0.25
s42_uniusdt_tsmom_d1_cfg,UNI-TSMOM-D1,uniusdt,TSMOM,86400,12,3,1.0,14,2.0,30.0,22,128,1.0,0.5,3.0,0.25
s42_dotusdt_tsmom_h6_cfg,DOT-TSMOM-H6,dotusdt,TSMOM,21600,60,3,4.0,14,2.0,30.0,22,128,1.0,0.5,3.0,0.25
s42_tiausdt_ichi_h3_cfg,TIA-ICHI-H3,tiausdt,ICHIMOKU,10800,6,8,2.0,14,2.0,30.0,22,128,1.0,0.5,3.0,0.25
s42_injusdt_ichi_h4_cfg,INJ-ICHI-H4,injusdt,ICHIMOKU,14400,60,18,2.0,14,2.0,30.0,22,128,1.0,0.5,3.0,0.25
s42_imxusdt_tsmom_d1_cfg,IMX-TSMOM-D1,imxusdt,TSMOM,86400,6,3,2.0,14,2.0,30.0,22,128,1.0,0.5,3.0,0.25
s42_runeusdt_tsmom_h8_cfg,RUNE-TSMOM-H8,runeusdt,TSMOM,28800,12,24,4.0,14,2.0,30.0,22,128,1.0,0.5,3.0,0.25
s42_hbarusdt_tsmom_h4_cfg,HBAR-TSMOM-H4,hbarusdt,TSMOM,14400,60,24,4.0,14,2.0,30.0,22,128,1.0,0.5,3.0,0.25
s42_runeusdt_tsmom_h12_cfg,RUNE-TSMOM-H12,runeusdt,TSMOM,43200,12,24,3.0,14,2.0,30.0,22,128,1.0,0.5,3.0,0.25
s42_dotusdt_tsmom_h12_cfg,DOT-TSMOM-H12,dotusdt,TSMOM,43200,18,3,1.0,14,2.0,30.0,22,128,1.0,0.5,3.0,0.25
s42_manausdt_tsmom_h8_cfg,MANA-TSMOM-H8,manausdt,TSMOM,28800,18,24,4.0,14,2.0,30.0,22,128,1.0,0.5,3.0,0.25
s42_maskusdt_ichi_h3_cfg,MASK-ICHI-H3,maskusdt,ICHIMOKU,10800,6,24,2.0,14,2.0,30.0,22,128,1.0,0.5,3.0,0.25
s42_xlmusdt_ichi_h4_cfg,XLM-ICHI-H4,xlmusdt,ICHIMOKU,14400,6,18,3.0,14,2.0,30.0,22,128,1.0,0.5,3.0,0.25
s42_shibusdt_tsmom_h8_cfg,SHIB-TSMOM-H8,shibusdt,TSMOM,28800,60,12,2.0,14,2.0,30.0,22,128,1.0,0.5,3.0,0.25
s42_runeusdt_tsmom_d1_cfg,RUNE-TSMOM-D1,runeusdt,TSMOM,86400,18,3,1.0,14,2.0,30.0,22,128,1.0,0.5,3.0,0.25
s42_runeusdt_ichi_h8_cfg,RUNE-ICHI-H8,runeusdt,ICHIMOKU,28800,18,5,4.0,14,2.0,30.0,22,128,1.0,0.5,3.0,0.25
s42_vetusdt_tsmom_d1_cfg,VET-TSMOM-D1,vetusdt,TSMOM,86400,12,24,4.0,14,2.0,30.0,22,128,1.0,0.5,3.0,0.25
s41_arbusdt_ichi_h4_cfg,ARB-ICHI-H4,arbusdt,ICHIMOKU,14400,60,18,4.0,14,2.0,30.0,22,128,1.0,0.5,3.0,0.25
s43b_arbusdt_tsmom_7200_45_3_cfg,ARB-TSMOM-H2,arbusdt,TSMOM,7200,45,3,1.0,14,2.0,30.0,22,128,1.0,0.5,3.0,0.25
s43b_arbusdt_tsmom_10800_45_8_cfg,ARB-TSMOM-H3,arbusdt,TSMOM,10800,45,8,1.0,14,2.0,30.0,22,128,1.0,0.5,3.0,0.25
s42_arbusdt_tsmom_h4_cfg,ARB-TSMOM-H4,arbusdt,TSMOM,14400,30,8,2.0,14,2.0,30.0,22,128,1.0,0.5,3.0,0.25
s43b_arkmusdt_ichimoku_14400_6_3_cfg,ARKM-ICHI-H4,arkmusdt,ICHIMOKU,14400,6,3,1.0,14,2.0,30.0,22,128,1.0,0.5,3.0,0.25
s43b_arkmusdt_tsmom_14400_18_3_cfg,ARKM-TSMOM-H4,arkmusdt,TSMOM,14400,18,3,1.0,14,2.0,30.0,22,128,1.0,0.5,3.0,0.25
s43b_arkmusdt_tsmom_21600_60_24_cfg,ARKM-TSMOM-H6,arkmusdt,TSMOM,21600,60,24,1.0,14,2.0,30.0,22,128,1.0,0.5,3.0,0.25
s43b_bomeusdt_ichimoku_3600_6_18_cfg,BOME-ICHI-H1,bomeusdt,ICHIMOKU,3600,6,18,4.0,14,2.0,30.0,22,128,1.0,0.5,3.0,0.25
s43b_bomeusdt_ichimoku_10800_6_5_cfg,BOME-ICHI-H3,bomeusdt,ICHIMOKU,10800,6,5,2.0,14,2.0,30.0,22,128,1.0,0.5,3.0,0.25
s42_bomeusdt_tsmom_h12_cfg,BOME-TSMOM-H12,bomeusdt,TSMOM,43200,30,5,2.0,14,2.0,30.0,22,128,1.0,0.5,3.0,0.25
s43b_eigenusdt_ichimoku_7200_6_12_cfg,EIGEN-ICHI-H2,eigenusdt,ICHIMOKU,7200,6,12,1.0,14,2.0,30.0,22,128,1.0,0.5,3.0,0.25
s43b_eigenusdt_ichimoku_10800_6_5_cfg,EIGEN-ICHI-H3,eigenusdt,ICHIMOKU,10800,6,5,1.0,14,2.0,30.0,22,128,1.0,0.5,3.0,0.25
s43b_eigenusdt_ichimoku_14400_6_5_cfg,EIGEN-ICHI-H4,eigenusdt,ICHIMOKU,14400,6,5,1.0,14,2.0,30.0,22,128,1.0,0.5,3.0,0.25
s42_eigenusdt_tsmom_h4_cfg,EIGEN-TSMOM-H4,eigenusdt,TSMOM,14400,45,3,1.0,14,2.0,30.0,22,128,1.0,0.5,3.0,0.25
s42_eigenusdt_tsmom_h6_cfg,EIGEN-TSMOM-H6,eigenusdt,TSMOM,21600,60,24,2.0,14,2.0,30.0,22,128,1.0,0.5,3.0,0.25
s42_eigenusdt_tsmom_h8_cfg,EIGEN-TSMOM-H8,eigenusdt,TSMOM,28800,18,8,2.0,14,2.0,30.0,22,128,1.0,0.5,3.0,0.25
s42_enausdt_tsmom_h12_cfg,ENA-TSMOM-H12,enausdt,TSMOM,43200,45,3,2.0,14,2.0,30.0,22,128,1.0,0.5,3.0,0.25
s43b_enausdt_tsmom_7200_30_3_cfg,ENA-TSMOM-H2,enausdt,TSMOM,7200,30,3,2.0,14,2.0,30.0,22,128,1.0,0.5,3.0,0.25
s43b_enausdt_tsmom_14400_30_8_cfg,ENA-TSMOM-H4,enausdt,TSMOM,14400,30,8,4.0,14,2.0,30.0,22,128,1.0,0.5,3.0,0.25
s42_enausdt_tsmom_h6_cfg,ENA-TSMOM-H6,enausdt,TSMOM,21600,60,5,1.0,14,2.0,30.0,22,128,1.0,0.5,3.0,0.25
s42_enausdt_tsmom_h8_cfg,ENA-TSMOM-H8,enausdt,TSMOM,28800,45,3,1.0,14,2.0,30.0,22,128,1.0,0.5,3.0,0.25
s43b_ethfiusdt_tsmom_10800_45_3_cfg,ETHFI-TSMOM-H3,ethfiusdt,TSMOM,10800,45,3,1.0,14,2.0,30.0,22,128,1.0,0.5,3.0,0.25
s43b_ethfiusdt_tsmom_21600_60_3_cfg,ETHFI-TSMOM-H6,ethfiusdt,TSMOM,21600,60,3,1.0,14,2.0,30.0,22,128,1.0,0.5,3.0,0.25
s43b_flokiusdt_ichimoku_14400_6_5_cfg,FLOKI-ICHI-H4,flokiusdt,ICHIMOKU,14400,6,5,1.0,14,2.0,30.0,22,128,1.0,0.5,3.0,0.25
s42_flokiusdt_tsmom_h3_cfg,FLOKI-TSMOM-H3,flokiusdt,TSMOM,10800,60,18,1.0,14,2.0,30.0,22,128,1.0,0.5,3.0,0.25
s42_flokiusdt_tsmom_h4_cfg,FLOKI-TSMOM-H4,flokiusdt,TSMOM,14400,60,8,1.0,14,2.0,30.0,22,128,1.0,0.5,3.0,0.25
s42_flokiusdt_tsmom_h8_cfg,FLOKI-TSMOM-H8,flokiusdt,TSMOM,28800,45,3,3.0,14,2.0,30.0,22,128,1.0,0.5,3.0,0.25
s43b_jtousdt_ichimoku_10800_6_3_cfg,JTO-ICHI-H3,jtousdt,ICHIMOKU,10800,6,3,1.0,14,2.0,30.0,22,128,1.0,0.5,3.0,0.25
s43b_jtousdt_tsmom_3600_60_12_cfg,JTO-TSMOM-H1,jtousdt,TSMOM,3600,60,12,1.0,14,2.0,30.0,22,128,1.0,0.5,3.0,0.25
s43b_jtousdt_tsmom_7200_30_3_cfg,JTO-TSMOM-H2,jtousdt,TSMOM,7200,30,3,1.0,14,2.0,30.0,22,128,1.0,0.5,3.0,0.25
s43b_jupusdt_ichimoku_3600_6_3_cfg,JUP-ICHI-H1,jupusdt,ICHIMOKU,3600,6,3,1.0,14,2.0,30.0,22,128,1.0,0.5,3.0,0.25
s43b_jupusdt_ichimoku_7200_6_3_cfg,JUP-ICHI-H2,jupusdt,ICHIMOKU,7200,6,3,3.0,14,2.0,30.0,22,128,1.0,0.5,3.0,0.25
s43b_jupusdt_ichimoku_10800_6_3_cfg,JUP-ICHI-H3,jupusdt,ICHIMOKU,10800,6,3,1.0,14,2.0,30.0,22,128,1.0,0.5,3.0,0.25
s42_jupusdt_tsmom_d1_cfg,JUP-TSMOM-D1,jupusdt,TSMOM,86400,6,12,3.0,14,2.0,30.0,22,128,1.0,0.5,3.0,0.25
s43b_jupusdt_tsmom_3600_60_8_cfg,JUP-TSMOM-H1,jupusdt,TSMOM,3600,60,8,1.0,14,2.0,30.0,22,128,1.0,0.5,3.0,0.25
s43b_jupusdt_tsmom_7200_60_3_cfg,JUP-TSMOM-H2,jupusdt,TSMOM,7200,60,3,1.0,14,2.0,30.0,22,128,1.0,0.5,3.0,0.25
s43b_jupusdt_tsmom_10800_30_3_cfg,JUP-TSMOM-H3,jupusdt,TSMOM,10800,30,3,1.0,14,2.0,30.0,22,128,1.0,0.5,3.0,0.25
s43b_ondousdt_ichimoku_7200_6_24_cfg,ONDO-ICHI-H2,ondousdt,ICHIMOKU,7200,6,24,3.0,14,2.0,30.0,22,128,1.0,0.5,3.0,0.25
s43b_opusdt_ichimoku_7200_6_3_cfg,OP-ICHI-H2,opusdt,ICHIMOKU,7200,6,3,1.0,14,2.0,30.0,22,128,1.0,0.5,3.0,0.25
s43b_opusdt_tsmom_10800_60_3_cfg,OP-TSMOM-H3,opusdt,TSMOM,10800,60,3,1.0,14,2.0,30.0,22,128,1.0,0.5,3.0,0.25
s43b_opusdt_tsmom_14400_60_3_cfg,OP-TSMOM-H4,opusdt,TSMOM,14400,60,3,1.0,14,2.0,30.0,22,128,1.0,0.5,3.0,0.25
s43b_opusdt_tsmom_28800_60_5_cfg,OP-TSMOM-H8,opusdt,TSMOM,28800,60,5,1.0,14,2.0,30.0,22,128,1.0,0.5,3.0,0.25
s41_pepeusdt_ichi_h3_cfg,PEPE-ICHI-H3,pepeusdt,ICHIMOKU,10800,45,24,4.0,14,2.0,30.0,22,128,1.0,0.5,3.0,0.25
s42_pepeusdt_tsmom_h12_cfg,PEPE-TSMOM-H12,pepeusdt,TSMOM,43200,18,8,1.0,14,2.0,30.0,22,128,1.0,0.5,3.0,0.25
s43b_pepeusdt_tsmom_10800_60_3_cfg,PEPE-TSMOM-H3,pepeusdt,TSMOM,10800,60,3,1.0,14,2.0,30.0,22,128,1.0,0.5,3.0,0.25
s42_pepeusdt_tsmom_h4_cfg,PEPE-TSMOM-H4,pepeusdt,TSMOM,14400,60,24,2.0,14,2.0,30.0,22,128,1.0,0.5,3.0,0.25
s43b_pythusdt_tsmom_7200_45_5_cfg,PYTH-TSMOM-H2,pythusdt,TSMOM,7200,45,5,1.0,14,2.0,30.0,22,128,1.0,0.5,3.0,0.25
s42_pythusdt_tsmom_h4_cfg,PYTH-TSMOM-H4,pythusdt,TSMOM,14400,45,8,3.0,14,2.0,30.0,22,128,1.0,0.5,3.0,0.25
s43b_pythusdt_tsmom_28800_18_5_cfg,PYTH-TSMOM-H8,pythusdt,TSMOM,28800,18,5,1.0,14,2.0,30.0,22,128,1.0,0.5,3.0,0.25
s43b_renderusdt_ichimoku_3600_6_24_cfg,RENDER-ICHI-H1,renderusdt,ICHIMOKU,3600,6,24,4.0,14,2.0,30.0,22,128,1.0,0.5,3.0,0.25
s42_renderusdt_ichi_h2_cfg,RENDER-ICHI-H2,renderusdt,ICHIMOKU,7200,12,18,2.0,14,2.0,30.0,22,128,1.0,0.5,3.0,0.25
s42_renderusdt_ichi_h3_cfg,RENDER-ICHI-H3,renderusdt,ICHIMOKU,10800,60,18,2.0,14,2.0,30.0,22,128,1.0,0.5,3.0,0.25
s43b_renderusdt_ichimoku_14400_6_5_cfg,RENDER-ICHI-H4,renderusdt,ICHIMOKU,14400,6,5,1.0,14,2.0,30.0,22,128,1.0,0.5,3.0,0.25
s43b_renderusdt_tsmom_7200_60_3_cfg,RENDER-TSMOM-H2,renderusdt,TSMOM,7200,60,3,1.0,14,2.0,30.0,22,128,1.0,0.5,3.0,0.25
s42_renderusdt_tsmom_h3_cfg,RENDER-TSMOM-H3,renderusdt,TSMOM,10800,60,18,2.0,14,2.0,30.0,22,128,1.0,0.5,3.0,0.25
s43b_renderusdt_tsmom_14400_30_5_cfg,RENDER-TSMOM-H4,renderusdt,TSMOM,14400,30,5,1.0,14,2.0,30.0,22,128,1.0,0.5,3.0,0.25
s41_renderusdt_tsmom_h6_cfg,RENDER-TSMOM-H6,renderusdt,TSMOM,21600,18,18,4.0,14,2.0,30.0,22,128,1.0,0.5,3.0,0.25
s42_renderusdt_tsmom_h8_cfg,RENDER-TSMOM-H8,renderusdt,TSMOM,28800,60,18,1.0,14,2.0,30.0,22,128,1.0,0.5,3.0,0.25
s43b_seiusdt_ichimoku_14400_6_5_cfg,SEI-ICHI-H4,seiusdt,ICHIMOKU,14400,6,5,1.0,14,2.0,30.0,22,128,1.0,0.5,3.0,0.25
s42_suiusdt_ichi_h3_cfg,SUI-ICHI-H3,suiusdt,ICHIMOKU,10800,18,8,1.0,14,2.0,30.0,22,128,1.0,0.5,3.0,0.25
s42_suiusdt_ichi_h8_cfg,SUI-ICHI-H8,suiusdt,ICHIMOKU,28800,30,12,4.0,14,2.0,30.0,22,128,1.0,0.5,3.0,0.25
s43b_suiusdt_tsmom_7200_30_5_cfg,SUI-TSMOM-H2,suiusdt,TSMOM,7200,30,5,1.0,14,2.0,30.0,22,128,1.0,0.5,3.0,0.25
s42_suiusdt_tsmom_h3_cfg,SUI-TSMOM-H3,suiusdt,TSMOM,10800,60,8,2.0,14,2.0,30.0,22,128,1.0,0.5,3.0,0.25
s43b_tiausdt_tsmom_7200_60_3_cfg,TIA-TSMOM-H2,tiausdt,TSMOM,7200,60,3,1.0,14,2.0,30.0,22,128,1.0,0.5,3.0,0.25
s43b_tonusdt_tsmom_10800_45_24_cfg,TON-TSMOM-H3,tonusdt,TSMOM,10800,45,24,3.0,14,2.0,30.0,22,128,1.0,0.5,3.0,0.25
s43b_turbousdt_ichimoku_14400_6_5_cfg,TURBO-ICHI-H4,turbousdt,ICHIMOKU,14400,6,5,2.0,14,2.0,30.0,22,128,1.0,0.5,3.0,0.25
s43b_turbousdt_tsmom_7200_45_5_cfg,TURBO-TSMOM-H2,turbousdt,TSMOM,7200,45,5,1.0,14,2.0,30.0,22,128,1.0,0.5,3.0,0.25
s43b_turbousdt_tsmom_10800_30_8_cfg,TURBO-TSMOM-H3,turbousdt,TSMOM,10800,30,8,2.0,14,2.0,30.0,22,128,1.0,0.5,3.0,0.25
s42_turbousdt_tsmom_h4_cfg,TURBO-TSMOM-H4,turbousdt,TSMOM,14400,60,5,1.0,14,2.0,30.0,22,128,1.0,0.5,3.0,0.25
s43b_wusdt_tsmom_21600_60_5_cfg,W-TSMOM-H6,wusdt,TSMOM,21600,60,5,1.0,14,2.0,30.0,22,128,1.0,0.5,3.0,0.25
s43b_wifusdt_tsmom_7200_45_5_cfg,WIF-TSMOM-H2,wifusdt,TSMOM,7200,45,5,1.0,14,2.0,30.0,22,128,1.0,0.5,3.0,0.25
s43b_wifusdt_tsmom_14400_60_3_cfg,WIF-TSMOM-H4,wifusdt,TSMOM,14400,60,3,1.0,14,2.0,30.0,22,128,1.0,0.5,3.0,0.25
s42_wifusdt_tsmom_h8_cfg,WIF-TSMOM-H8,wifusdt,TSMOM,28800,18,8,2.0,14,2.0,30.0,22,128,1.0,0.5,3.0,0.25
s42_zrousdt_ichi_h3_cfg,ZRO-ICHI-H3,zrousdt,ICHIMOKU,10800,6,8,4.0,14,2.0,30.0,22,128,1.0,0.5,3.0,0.25
s42_zrousdt_ichi_h4_cfg,ZRO-ICHI-H4,zrousdt,ICHIMOKU,14400,45,8,3.0,14,2.0,30.0,22,128,1.0,0.5,3.0,0.25
s43b_zrousdt_tsmom_3600_45_8_cfg,ZRO-TSMOM-H1,zrousdt,TSMOM,3600,45,8,1.0,14,2.0,30.0,22,128,1.0,0.5,3.0,0.25
s42_zrousdt_tsmom_h12_cfg,ZRO-TSMOM-H12,zrousdt,TSMOM,43200,60,18,4.0,14,2.0,30.0,22,128,1.0,0.5,3.0,0.25
s43b_zrousdt_tsmom_7200_60_3_cfg,ZRO-TSMOM-H2,zrousdt,TSMOM,7200,60,3,2.0,14,2.0,30.0,22,128,1.0,0.5,3.0,0.25
s42_zrousdt_tsmom_h3_cfg,ZRO-TSMOM-H3,zrousdt,TSMOM,10800,45,18,2.0,14,2.0,30.0,22,128,1.0,0.5,3.0,0.25
s42_zrousdt_tsmom_h4_cfg,ZRO-TSMOM-H4,zrousdt,TSMOM,14400,60,8,2.0,14,2.0,30.0,22,128,1.0,0.5,3.0,0.25
s42_ethfiusdt_tsmom_h4_cfg,ETHFI-TSMOM-H4,ethfiusdt,TSMOM,14400,30,5,3.0,14,2.0,30.0,22,128,1.0,0.5,3.0,0.25
s41_suiusdt_bopb_h1_cfg,SUI-BOPB-H1,suiusdt,BREAKOUT_PULLBACK,3600,40,20,4.0,14,2.0,30.0,22,128,1.0,0.5,3.0,0.25
s41_pepeusdt_tsmom_h8_cfg,PEPE-TSMOM-H8,pepeusdt,TSMOM,28800,45,24,4.0,14,2.0,30.0,22,128,1.0,0.5,3.0,0.25
s42_flokiusdt_ichi_h8_cfg,FLOKI-ICHI-H8,flokiusdt,ICHIMOKU,28800,18,3,4.0,14,2.0,30.0,22,128,1.0,0.5,3.0,0.25
s42_ondousdt_tsmom_d1_cfg,ONDO-TSMOM-D1,ondousdt,TSMOM,86400,6,12,2.0,14,2.0,30.0,22,128,1.0,0.5,3.0,0.25
s42_uniusdt_boll_h2_cfg,UNI-BOLL-H2,uniusdt,BOLLINGER,7200,18,12,4.0,14,2.0,30.0,22,128,1.0,0.5,3.0,0.25
s41_ondousdt_tsmom_h8_cfg,ONDO-TSMOM-H8,ondousdt,TSMOM,28800,6,24,4.0,14,2.0,30.0,22,128,1.0,0.5,3.0,0.25
s42_ethfiusdt_tsmom_h12_cfg,ETHFI-TSMOM-H12,ethfiusdt,TSMOM,43200,30,18,1.0,14,2.0,30.0,22,128,1.0,0.5,3.0,0.25
s42_suiusdt_tsmom_d1_cfg,SUI-TSMOM-D1,suiusdt,TSMOM,86400,12,5,4.0,14,2.0,30.0,22,128,1.0,0.5,3.0,0.25
s42_flokiusdt_tsmom_d1_cfg,FLOKI-TSMOM-D1,flokiusdt,TSMOM,86400,12,24,2.0,14,2.0,30.0,22,128,1.0,0.5,3.0,0.25
mr_aptusdt_boll_H1_20_2.0,APT-BOLL20k20-H1,aptusdt,BOLLINGER,3600,20,15,2.5,14,2.0,30,22,128,1.0,0.5,3.0,0.25
mr_aptusdt_boll_H1_20_2.5,APT-BOLL20k25-H1,aptusdt,BOLLINGER,3600,20,15,2.5,14,2.5,30,22,128,1.0,0.5,3.0,0.25
mr_aptusdt_boll_H2_30_2.0,APT-BOLL30k20-H2,aptusdt,BOLLINGER,7200,30,15,2.5,14,2.0,30,22,128,1.0,0.5,3.0,0.25
mr_arbusdt_boll_H1_20_2.0,ARB-BOLL20k20-H1,arbusdt,BOLLINGER,3600,20,15,2.5,14,2.0,30,22,128,1.0,0.5,3.0,0.25
mr_arbusdt_boll_H2_20_2.0,ARB-BOLL20k20-H2,arbusdt,BOLLINGER,7200,20,15,2.5,14,2.0,30,22,128,1.0,0.5,3.0,0.25
mr_arbusdt_boll_H1_20_2.5,ARB-BOLL20k25-H1,arbusdt,BOLLINGER,3600,20,15,2.5,14,2.5,30,22,128,1.0,0.5,3.0,0.25
mr_arbusdt_rsir_H1_14_35,ARB-RSIR14t35-H1,arbusdt,RSI_REVERT,3600,20,20,2.5,14,2.0,35,22,128,1.0,0.5,3.0,0.25
mr_atomusdt_boll_H1_30_2.5,ATOM-BOLL30k25-H1,atomusdt,BOLLINGER,3600,30,15,2.5,14,2.5,30,22,128,1.0,0.5,3.0,0.25
mr_dogeusdt_boll_H2_30_2.0,DOGE-BOLL30k20-H2,dogeusdt,BOLLINGER,7200,30,15,2.5,14,2.0,30,22,128,1.0,0.5,3.0,0.25
mr_fetusdt_boll_H1_20_2.0,FET-BOLL20k20-H1,fetusdt,BOLLINGER,3600,20,15,2.5,14,2.0,30,22,128,1.0,0.5,3.0,0.25
mr_fetusdt_boll_H1_20_2.5,FET-BOLL20k25-H1,fetusdt,BOLLINGER,3600,20,15,2.5,14,2.5,30,22,128,1.0,0.5,3.0,0.25
mr_injusdt_boll_H1_20_2.0,INJ-BOLL20k20-H1,injusdt,BOLLINGER,3600,20,15,2.5,14,2.0,30,22,128,1.0,0.5,3.0,0.25
mr_injusdt_boll_H1_20_2.5,INJ-BOLL20k25-H1,injusdt,BOLLINGER,3600,20,15,2.5,14,2.5,30,22,128,1.0,0.5,3.0,0.25
mr_ldousdt_boll_H1_20_2.0,LDO-BOLL20k20-H1,ldousdt,BOLLINGER,3600,20,15,2.5,14,2.0,30,22,128,1.0,0.5,3.0,0.25
mr_ldousdt_rsir_H1_14_35,LDO-RSIR14t35-H1,ldousdt,RSI_REVERT,3600,20,20,2.5,14,2.0,35,22,128,1.0,0.5,3.0,0.25
mr_linkusdt_boll_H1_30_2.0,LINK-BOLL30k20-H1,linkusdt,BOLLINGER,3600,30,15,2.5,14,2.0,30,22,128,1.0,0.5,3.0,0.25
mr_nearusdt_boll_H1_20_2.0,NEAR-BOLL20k20-H1,nearusdt,BOLLINGER,3600,20,15,2.5,14,2.0,30,22,128,1.0,0.5,3.0,0.25
mr_nearusdt_boll_H1_20_2.5,NEAR-BOLL20k25-H1,nearusdt,BOLLINGER,3600,20,15,2.5,14,2.5,30,22,128,1.0,0.5,3.0,0.25
mr_opusdt_boll_H1_20_2.0,OP-BOLL20k20-H1,opusdt,BOLLINGER,3600,20,15,2.5,14,2.0,30,22,128,1.0,0.5,3.0,0.25
mr_opusdt_boll_H1_20_2.5,OP-BOLL20k25-H1,opusdt,BOLLINGER,3600,20,15,2.5,14,2.5,30,22,128,1.0,0.5,3.0,0.25
mr_opusdt_rsir_H1_14_35,OP-RSIR14t35-H1,opusdt,RSI_REVERT,3600,20,20,2.5,14,2.0,35,22,128,1.0,0.5,3.0,0.25
mr_pepeusdt_boll_H1_20_2.0,PEPE-BOLL20k20-H1,pepeusdt,BOLLINGER,3600,20,15,2.5,14,2.0,30,22,128,1.0,0.5,3.0,0.25
mr_pepeusdt_boll_H1_20_2.5,PEPE-BOLL20k25-H1,pepeusdt,BOLLINGER,3600,20,15,2.5,14,2.5,30,22,128,1.0,0.5,3.0,0.25
mr_pepeusdt_rsir_H1_14_35,PEPE-RSIR14t35-H1,pepeusdt,RSI_REVERT,3600,20,20,2.5,14,2.0,35,22,128,1.0,0.5,3.0,0.25
mr_seiusdt_boll_H1_30_2.0,SEI-BOLL30k20-H1,seiusdt,BOLLINGER,3600,30,15,2.5,14,2.0,30,22,128,1.0,0.5,3.0,0.25
mr_suiusdt_boll_H1_20_2.0,SUI-BOLL20k20-H1,suiusdt,BOLLINGER,3600,20,15,2.5,14,2.0,30,22,128,1.0,0.5,3.0,0.25
mr_tiausdt_boll_H1_20_2.0,TIA-BOLL20k20-H1,tiausdt,BOLLINGER,3600,20,15,2.5,14,2.0,30,22,128,1.0,0.5,3.0,0.25
mr_tiausdt_boll_H1_30_2.5,TIA-BOLL30k25-H1,tiausdt,BOLLINGER,3600,30,15,2.5,14,2.5,30,22,128,1.0,0.5,3.0,0.25
mr_uniusdt_boll_H1_20_2.0,UNI-BOLL20k20-H1,uniusdt,BOLLINGER,3600,20,15,2.5,14,2.0,30,22,128,1.0,0.5,3.0,0.25
mr_wifusdt_boll_H1_20_2.0,WIF-BOLL20k20-H1,wifusdt,BOLLINGER,3600,20,15,2.5,14,2.0,30,22,128,1.0,0.5,3.0,0.25
mr_wifusdt_boll_H1_20_2.5,WIF-BOLL20k25-H1,wifusdt,BOLLINGER,3600,20,15,2.5,14,2.5,30,22,128,1.0,0.5,3.0,0.25
mr_zrousdt_boll_H1_20_2.0,ZRO-BOLL20k20-H1,zrousdt,BOLLINGER,3600,20,15,2.5,14,2.0,30,22,128,1.0,0.5,3.0,0.25
mr_zrousdt_boll_H1_20_2.5,ZRO-BOLL20k25-H1,zrousdt,BOLLINGER,3600,20,15,2.5,14,2.5,30,22,128,1.0,0.5,3.0,0.25
mr_zrousdt_boll_H2_30_2.0,ZRO-BOLL30k20-H2,zrousdt,BOLLINGER,7200,30,15,2.5,14,2.0,30,22,128,1.0,0.5,3.0,0.25
