# S45 Re-gate verdict — fixed (close-bias-corrected) harness, prod_safety preset + -170 floor
# Generated 2026-05-30T00:20Z. Roster: 279 live S43/S43b engines.
#
# 80/20 OOS split: 279 PASS / 0 FAIL.
# 90d holdout:  OLD(buggy)=233 PASS/46 FAIL  ->  NEW(fixed)=279 PASS/0 FAIL.
# CONCLUSION: zero culls. Close-bias bug caused ~46 FALSE-NEGATIVE fails; fix revives them.
# Blew-up engines (29-May) all PASS strongly (JUP PF3.1, RENDER PF3.2, SEI PF2.3) -> loss was
# protection-gap (no real floor) + correlated dump, NOT engine quality.
#
tag,symbol,strategy,tf_secs,trades,wins,wr,total_bp,pf,sharpe,maxdd_bp,verdict_fixed_80_20
FET-TSMOM-H3,fetusdt,TSMOM,10800,904,730,80.8,81844.0,4.158,13.38,644,PASS
ICP-ICHI-H2,icpusdt,ICHIMOKU,7200,686,539,78.6,55177.2,3.413,9.22,690,PASS
FET-ICHI-H12,fetusdt,ICHIMOKU,43200,81,62,76.5,15650.6,6.151,5.72,425,PASS
MANA-ICHI-H12,manausdt,ICHIMOKU,43200,116,89,76.7,14905.6,3.875,5.36,510,PASS
ICP-ICHI-H3,icpusdt,ICHIMOKU,10800,459,359,78.2,45567.9,3.850,8.50,776,PASS
LINK-ICHI-H12,linkusdt,ICHIMOKU,43200,275,210,76.4,41434.4,4.681,5.86,885,PASS
IMX-TSMOM-H6,imxusdt,TSMOM,21600,480,378,78.8,52324.3,3.972,10.33,721,PASS
LDO-ICHI-H12,ldousdt,ICHIMOKU,43200,90,75,83.3,17096.5,7.988,6.50,572,PASS
LDO-TSMOM-D2,ldousdt,TSMOM,172800,52,35,67.3,11916.8,4.651,3.29,768,PASS
CRV-ICHI-H12,crvusdt,ICHIMOKU,43200,109,87,79.8,19562.1,5.631,5.90,384,PASS
ICP-TSMOM-D2,icpusdt,TSMOM,172800,69,47,68.1,20558.1,6.192,3.55,1019,PASS
AVAX-TSMOM-H12,avaxusdt,TSMOM,43200,278,221,79.5,31592.5,4.342,8.97,576,PASS
COMP-ICHI-H4,compusdt,ICHIMOKU,14400,364,310,85.2,34148.2,5.006,9.44,686,PASS
MANA-ICHI-H4,manausdt,ICHIMOKU,14400,403,327,81.1,29165.5,3.339,9.10,622,PASS
ICP-TSMOM-H3,icpusdt,TSMOM,10800,894,719,80.4,78499.6,3.862,12.35,813,PASS
INJ-ICHI-H8,injusdt,ICHIMOKU,28800,191,151,79.1,30467.4,5.751,7.19,419,PASS
NEAR-ICHI-H3,nearusdt,ICHIMOKU,10800,726,596,82.1,52049.5,3.690,10.78,976,PASS
LDO-TSMOM-D1,ldousdt,TSMOM,86400,108,86,79.6,22408.3,6.517,6.17,576,PASS
COMP-ICHI-H6,compusdt,ICHIMOKU,21600,222,171,77.0,21425.4,3.451,6.02,761,PASS
ATOM-ICHI-H3,atomusdt,ICHIMOKU,10800,547,456,83.4,26423.6,3.006,9.40,495,PASS
DOGE-TSMOM-D1,dogeusdt,TSMOM,86400,131,105,80.2,25204.4,6.788,7.38,570,PASS
MANA-ICHI-H6,manausdt,ICHIMOKU,21600,265,202,76.2,24801.2,3.235,6.94,562,PASS
IMX-ICHI-H4,imxusdt,ICHIMOKU,14400,354,286,80.8,40073.4,4.485,9.36,619,PASS
CRV-ICHI-H8,crvusdt,ICHIMOKU,28800,207,160,77.3,23736.3,3.853,7.14,683,PASS
MANA-TSMOM-H6,manausdt,TSMOM,21600,498,401,80.5,45125.9,3.723,10.50,562,PASS
ICP-TSMOM-D1,icpusdt,TSMOM,86400,102,75,73.5,17468.1,4.559,4.93,808,PASS
TRX-ICHI-D1,trxusdt,ICHIMOKU,86400,107,87,81.3,7074.5,3.666,4.76,384,PASS
ICP-TSMOM-H2,icpusdt,TSMOM,7200,1260,989,78.5,75595.8,2.836,10.90,1708,PASS
JTO-TSMOM-H4,jtousdt,TSMOM,14400,514,417,81.1,64996.9,5.538,14.00,788,PASS
JTO-TSMOM-H3,jtousdt,TSMOM,10800,609,499,81.9,67760.5,5.449,13.41,586,PASS
JTO-TSMOM-H8,jtousdt,TSMOM,28800,267,223,83.5,60938.4,9.737,11.62,576,PASS
BOME-TSMOM-H4,bomeusdt,TSMOM,14400,386,309,80.1,42369.5,4.678,12.07,768,PASS
BOME-TSMOM-H3,bomeusdt,TSMOM,10800,496,391,78.8,52785.6,4.606,10.56,788,PASS
JTO-TSMOM-H12,jtousdt,TSMOM,43200,187,145,77.5,45266.8,7.707,10.06,431,PASS
INJ-TSMOM-H3,injusdt,TSMOM,10800,1008,806,80.0,74221.2,3.359,12.42,845,PASS
JTO-TSMOM-H6,jtousdt,TSMOM,21600,363,302,83.2,69865.8,8.803,12.83,537,PASS
INJ-TSMOM-H4,injusdt,TSMOM,14400,779,649,83.3,74046.2,4.745,15.01,731,PASS
ENA-TSMOM-H3,enausdt,TSMOM,10800,390,325,83.3,33618.3,4.268,15.49,607,PASS
BOME-TSMOM-H6,bomeusdt,TSMOM,21600,281,211,75.1,33738.2,4.008,10.48,894,PASS
COMP-TSMOM-H3,compusdt,TSMOM,10800,869,693,79.7,60532.3,3.384,10.05,932,PASS
ICP-TSMOM-H4,icpusdt,TSMOM,14400,678,526,77.6,58859.3,3.370,10.32,873,PASS
TIA-TSMOM-H4,tiausdt,TSMOM,14400,404,329,81.4,34972.3,4.059,12.16,710,PASS
WIF-TSMOM-H6,wifusdt,TSMOM,21600,252,212,84.1,27174.0,5.760,8.52,591,PASS
COMP-TSMOM-H4,compusdt,TSMOM,14400,705,594,84.3,60596.1,4.566,11.43,749,PASS
FET-TSMOM-H6,fetusdt,TSMOM,21600,478,380,79.5,71476.8,5.543,10.52,628,PASS
BOME-TSMOM-H8,bomeusdt,TSMOM,28800,213,171,80.3,40824.5,7.576,11.45,576,PASS
INJ-TSMOM-H6,injusdt,TSMOM,21600,536,423,78.9,53232.8,3.822,11.55,576,PASS
JUP-TSMOM-H4,jupusdt,TSMOM,14400,450,360,80.0,31441.9,3.393,13.04,641,PASS
UNI-TSMOM-H4,uniusdt,TSMOM,14400,677,555,82.0,60483.7,4.385,10.38,665,PASS
IMX-TSMOM-H4,imxusdt,TSMOM,14400,716,578,80.7,64461.2,3.715,12.12,910,PASS
TIA-TSMOM-H6,tiausdt,TSMOM,21600,298,235,78.9,31101.5,4.008,10.74,733,PASS
COMP-TSMOM-H6,compusdt,TSMOM,21600,494,395,80.0,41036.0,3.648,9.14,983,PASS
FET-TSMOM-H4,fetusdt,TSMOM,14400,681,546,80.2,70410.0,4.365,11.12,929,PASS
ICP-TSMOM-H8,icpusdt,TSMOM,28800,390,297,76.2,53947.1,4.353,8.97,768,PASS
ICP-TSMOM-H6,icpusdt,TSMOM,21600,496,383,77.2,58400.1,3.991,9.79,860,PASS
UNI-TSMOM-H6,uniusdt,TSMOM,21600,471,384,81.5,50958.2,4.725,8.52,627,PASS
TIA-TSMOM-H3,tiausdt,TSMOM,10800,555,449,80.9,40341.5,3.477,12.81,830,PASS
OP-TSMOM-H2,opusdt,TSMOM,7200,1118,885,79.2,41244.5,2.267,10.63,898,PASS
IMX-TSMOM-H8,imxusdt,TSMOM,28800,369,290,78.6,52145.7,4.789,10.22,764,PASS
LDO-TSMOM-H12,ldousdt,TSMOM,43200,206,168,81.6,37377.7,6.677,9.03,399,PASS
COMP-TSMOM-H8,compusdt,TSMOM,28800,380,325,85.5,52483.3,6.929,10.91,735,PASS
ENA-ICHI-H2,enausdt,ICHIMOKU,7200,345,282,81.7,22529.5,3.504,12.66,565,PASS
UNI-TSMOM-H12,uniusdt,TSMOM,43200,254,214,84.3,43158.0,7.873,9.45,576,PASS
STX-TSMOM-H6,stxusdt,TSMOM,21600,470,368,78.3,42182.6,3.561,6.07,839,PASS
LDO-TSMOM-H8,ldousdt,TSMOM,28800,291,242,83.2,38132.2,5.640,9.95,510,PASS
UNI-TSMOM-H8,uniusdt,TSMOM,28800,390,321,82.3,50785.6,5.658,8.68,630,PASS
ARKM-TSMOM-H12,arkmusdt,TSMOM,43200,123,89,72.4,14024.8,3.189,6.13,576,PASS
STX-TSMOM-H8,stxusdt,TSMOM,28800,281,215,76.5,32989.6,3.969,4.91,764,PASS
JUP-TSMOM-H12,jupusdt,TSMOM,43200,163,129,79.1,27144.3,6.202,10.20,576,PASS
AVAX-TSMOM-H3,avaxusdt,TSMOM,10800,978,787,80.5,43414.7,2.581,10.68,973,PASS
COMP-TSMOM-H12,compusdt,TSMOM,43200,266,218,82.0,45650.3,6.558,7.36,525,PASS
AAVE-TSMOM-H8,aaveusdt,TSMOM,28800,270,221,81.9,26289.6,4.296,8.64,701,PASS
CRV-TSMOM-H12,crvusdt,TSMOM,43200,177,142,80.2,28038.5,5.172,7.41,758,PASS
JUP-TSMOM-H8,jupusdt,TSMOM,28800,231,183,79.2,30847.6,4.956,12.03,607,PASS
IMX-TSMOM-H12,imxusdt,TSMOM,43200,250,193,77.2,40076.5,4.765,8.48,1294,PASS
MANA-TSMOM-H4,manausdt,TSMOM,14400,708,582,82.2,50540.1,3.515,12.03,780,PASS
STX-TSMOM-H12,stxusdt,TSMOM,43200,248,198,79.8,41800.4,5.775,6.06,728,PASS
XLM-TSMOM-H4,xlmusdt,TSMOM,14400,617,504,81.7,42901.5,3.533,8.87,769,PASS
FET-ICHI-H3,fetusdt,ICHIMOKU,10800,454,366,80.6,46741.3,4.562,9.59,770,PASS
MASK-TSMOM-H12,maskusdt,TSMOM,43200,241,182,75.5,24547.9,3.739,5.72,1068,PASS
RUNE-TSMOM-H4,runeusdt,TSMOM,14400,699,561,80.3,33895.9,2.836,9.93,1026,PASS
SAND-TSMOM-H6,sandusdt,TSMOM,21600,486,394,81.1,43501.4,3.982,9.28,677,PASS
ATOM-TSMOM-H8,atomusdt,TSMOM,28800,323,265,82.0,29397.6,4.165,9.53,768,PASS
ICP-TSMOM-H12,icpusdt,TSMOM,43200,254,185,72.8,36554.4,3.955,7.11,1270,PASS
ARKM-TSMOM-H8,arkmusdt,TSMOM,28800,189,153,81.0,26499.8,5.074,7.30,384,PASS
DOT-TSMOM-H3,dotusdt,TSMOM,10800,842,682,81.0,44825.3,3.011,11.14,818,PASS
ADA-TSMOM-H6,adausdt,TSMOM,21600,454,356,78.4,32777.0,3.175,8.82,1092,PASS
GMT-TSMOM-H12,gmtusdt,TSMOM,43200,225,171,76.0,34886.2,5.127,6.99,746,PASS
SAND-TSMOM-H8,sandusdt,TSMOM,28800,317,266,83.9,41043.0,6.062,9.31,768,PASS
UNI-TSMOM-D1,uniusdt,TSMOM,86400,126,101,80.2,33216.6,8.922,5.28,598,PASS
SOL-TSMOM-H8,solusdt,TSMOM,28800,530,437,82.5,43042.8,4.150,10.44,795,PASS
FET-ICHI-H4,fetusdt,ICHIMOKU,14400,317,251,79.2,36230.2,4.425,9.64,827,PASS
DOT-TSMOM-H6,dotusdt,TSMOM,21600,443,352,79.5,34099.9,3.443,9.20,716,PASS
TIA-ICHI-H3,tiausdt,ICHIMOKU,10800,239,198,82.8,19026.0,3.909,9.53,768,PASS
XLM-TSMOM-H8,xlmusdt,TSMOM,28800,297,241,81.1,33504.4,4.604,6.56,614,PASS
INJ-ICHI-H4,injusdt,ICHIMOKU,14400,408,334,81.9,37898.4,4.314,9.86,602,PASS
IMX-TSMOM-D1,imxusdt,TSMOM,86400,134,94,70.1,30517.2,5.285,6.55,1045,PASS
ATOM-TSMOM-H6,atomusdt,TSMOM,21600,487,390,80.1,30321.1,3.127,9.37,1003,PASS
RUNE-TSMOM-H8,runeusdt,TSMOM,28800,401,310,77.3,30005.9,3.314,8.36,906,PASS
MANA-TSMOM-H12,manausdt,TSMOM,43200,269,218,81.0,37324.7,4.939,9.63,384,PASS
ATOM-TSMOM-H12,atomusdt,TSMOM,43200,255,209,82.0,28364.6,5.189,9.30,480,PASS
HBAR-TSMOM-H4,hbarusdt,TSMOM,14400,615,495,80.5,42444.4,3.369,9.94,919,PASS
RUNE-TSMOM-H12,runeusdt,TSMOM,43200,281,217,77.2,28476.2,4.247,8.99,576,PASS
DOT-TSMOM-H12,dotusdt,TSMOM,43200,253,195,77.1,30503.6,4.214,7.30,814,PASS
ICP-ICHI-H4,icpusdt,ICHIMOKU,14400,366,285,77.9,33198.8,3.394,7.48,856,PASS
MANA-TSMOM-H8,manausdt,TSMOM,28800,396,315,79.5,41287.1,3.885,10.15,879,PASS
FIL-TSMOM-D1,filusdt,TSMOM,86400,132,99,75.0,29878.8,6.085,2.91,576,PASS
INJ-ICHI-H6,injusdt,ICHIMOKU,21600,256,196,76.6,27164.4,3.582,7.55,795,PASS
XLM-TSMOM-H6,xlmusdt,TSMOM,21600,408,320,78.4,30572.6,3.024,6.30,936,PASS
MASK-TSMOM-D1,maskusdt,TSMOM,86400,136,92,67.6,22614.7,4.414,4.64,768,PASS
ETH-TSMOM-H12,ethusdt,TSMOM,43200,557,455,81.7,58689.1,4.885,8.76,561,PASS
MASK-ICHI-H3,maskusdt,ICHIMOKU,10800,420,335,79.8,23377.3,2.800,5.95,1166,PASS
XLM-ICHI-H4,xlmusdt,ICHIMOKU,14400,337,284,84.3,35387.1,5.271,7.85,461,PASS
LTC-TSMOM-H12,ltcusdt,TSMOM,43200,274,231,84.3,27919.9,4.898,8.29,547,PASS
STX-TSMOM-D1,stxusdt,TSMOM,86400,93,62,66.7,18778.2,4.302,2.86,576,PASS
CRV-TSMOM-D1,crvusdt,TSMOM,86400,119,92,77.3,24125.9,5.768,6.24,715,PASS
BCH-TSMOM-D1,bchusdt,TSMOM,86400,155,129,83.2,24747.5,6.122,8.10,547,PASS
AVAX-TSMOM-D1,avaxusdt,TSMOM,86400,137,105,76.6,22317.6,4.937,6.92,778,PASS
JTO-ICHI-H8,jtousdt,ICHIMOKU,28800,73,59,80.8,19441.4,9.178,6.11,396,PASS
SHIB-TSMOM-H8,shibusdt,TSMOM,28800,307,249,81.1,23559.5,3.475,7.60,1001,PASS
SHIB-TSMOM-H12,shibusdt,TSMOM,43200,240,189,78.8,19614.1,3.261,6.54,703,PASS
RUNE-TSMOM-D1,runeusdt,TSMOM,86400,112,85,75.9,14919.8,4.777,5.85,542,PASS
ATOM-ICHI-H4,atomusdt,ICHIMOKU,14400,417,337,80.8,23370.6,2.942,8.21,764,PASS
ATOM-TSMOM-D2,atomusdt,TSMOM,172800,58,39,67.2,9058.6,3.569,3.94,768,PASS
BCH-TSMOM-H12,bchusdt,TSMOM,43200,298,235,78.9,24934.6,3.307,7.61,768,PASS
DOGE-ICHI-H8,dogeusdt,ICHIMOKU,28800,197,159,80.7,22415.6,4.942,7.51,570,PASS
RUNE-ICHI-H8,runeusdt,ICHIMOKU,28800,153,125,81.7,14218.9,4.100,6.07,576,PASS
SOL-ICHI-H6,solusdt,ICHIMOKU,21600,499,414,83.0,35292.1,3.870,9.76,950,PASS
ETC-TSMOM-D1,etcusdt,TSMOM,86400,94,76,80.9,14363.5,5.929,5.17,514,PASS
RUNE-TSMOM-D2,runeusdt,TSMOM,172800,64,48,75.0,15027.6,6.664,4.70,576,PASS
ATOM-TSMOM-D1,atomusdt,TSMOM,86400,122,88,72.1,16145.3,3.648,5.77,666,PASS
TRX-TSMOM-H12,trxusdt,TSMOM,43200,258,200,77.5,8993.4,2.483,5.23,882,PASS
VET-TSMOM-D1,vetusdt,TSMOM,86400,128,105,82.0,20176.6,6.037,7.54,576,PASS
LTC-TSMOM-D1,ltcusdt,TSMOM,86400,142,111,78.2,16269.6,4.150,5.54,572,PASS
TRX-TSMOM-D3,trxusdt,TSMOM,259200,58,46,79.3,7017.2,4.277,4.32,384,PASS
LTC-ICHI-H12,ltcusdt,ICHIMOKU,43200,129,108,83.7,16206.9,6.219,6.17,547,PASS
RUNE-ICHI-H6,runeusdt,ICHIMOKU,21600,227,173,76.2,13651.7,2.649,5.43,768,PASS
APT-ICHI-H6,aptusdt,ICHIMOKU,21600,197,159,80.7,14612.4,3.230,6.89,582,PASS
APT-TSMOM-H3,aptusdt,TSMOM,10800,729,594,81.5,42054.0,3.152,11.77,1063,PASS
APT-TSMOM-H6,aptusdt,TSMOM,21600,375,300,80.0,31813.4,3.478,9.98,755,PASS
ARB-ICHI-H3,arbusdt,ICHIMOKU,10800,389,309,79.4,19602.2,2.808,9.24,845,PASS
ARB-ICHI-H4,arbusdt,ICHIMOKU,14400,271,226,83.4,19133.3,3.670,9.56,384,PASS
ARB-TSMOM-H2,arbusdt,TSMOM,7200,945,742,78.5,34742.1,2.312,11.24,997,PASS
ARB-TSMOM-H3,arbusdt,TSMOM,10800,666,539,80.9,36410.7,3.076,12.57,1025,PASS
ARB-TSMOM-H4,arbusdt,TSMOM,14400,508,412,81.1,32064.0,3.219,11.87,608,PASS
ARKM-ICHI-H4,arkmusdt,ICHIMOKU,14400,165,117,70.9,15636.1,2.972,5.34,878,PASS
ARKM-TSMOM-H12,arkmusdt,TSMOM,43200,138,101,73.2,19288.8,3.826,6.04,576,PASS
ARKM-TSMOM-H4,arkmusdt,TSMOM,14400,466,358,76.8,36081.2,2.925,9.64,989,PASS
ARKM-TSMOM-H6,arkmusdt,TSMOM,21600,241,189,78.4,23899.8,3.523,8.61,732,PASS
ARKM-TSMOM-H8,arkmusdt,TSMOM,28800,186,148,79.6,19399.2,3.878,7.44,585,PASS
ARKM-WILLR-H6,arkmusdt,WILLIAMS_R,21600,72,59,81.9,5633.1,3.257,4.92,478,PASS
BOME-BOPB-H2,bomeusdt,BREAKOUT_PULLBACK,7200,32,20,62.5,638.5,1.384,1.00,791,PASS
BOME-ICHI-H1,bomeusdt,ICHIMOKU,3600,656,502,76.5,26368.2,2.361,10.70,1326,PASS
BOME-ICHI-H3,bomeusdt,ICHIMOKU,10800,235,189,80.4,30499.7,5.604,7.40,472,PASS
BOME-TSMOM-H12,bomeusdt,TSMOM,43200,142,112,78.9,32517.8,7.552,7.23,384,PASS
BOME-TSMOM-H3,bomeusdt,TSMOM,10800,530,419,79.1,53946.5,4.561,11.33,586,PASS
BOME-TSMOM-H4,bomeusdt,TSMOM,14400,375,295,78.7,43076.5,4.985,12.22,874,PASS
BOME-TSMOM-H8,bomeusdt,TSMOM,28800,200,164,82.0,41575.2,9.132,11.54,576,PASS
EIGEN-ICHI-H2,eigenusdt,ICHIMOKU,7200,275,233,84.7,20957.7,3.804,12.38,779,PASS
EIGEN-ICHI-H3,eigenusdt,ICHIMOKU,10800,161,132,82.0,14999.4,4.157,9.86,384,PASS
EIGEN-ICHI-H4,eigenusdt,ICHIMOKU,14400,102,84,82.4,15557.0,5.941,9.50,768,PASS
EIGEN-TSMOM-H12,eigenusdt,TSMOM,43200,97,75,77.3,21463.2,6.459,9.33,462,PASS
EIGEN-TSMOM-H4,eigenusdt,TSMOM,14400,282,233,82.6,33090.7,4.890,13.27,1026,PASS
EIGEN-TSMOM-H6,eigenusdt,TSMOM,21600,187,148,79.1,25429.9,4.688,10.47,752,PASS
EIGEN-TSMOM-H8,eigenusdt,TSMOM,28800,148,126,85.1,23730.9,6.817,9.59,576,PASS
ENA-ICHI-H2,enausdt,ICHIMOKU,7200,345,282,81.7,22529.5,3.504,12.66,565,PASS
ENA-TSMOM-H12,enausdt,TSMOM,43200,72,59,81.9,14312.6,7.858,7.28,387,PASS
ENA-TSMOM-H2,enausdt,TSMOM,7200,640,511,79.8,33199.2,2.737,13.96,1284,PASS
ENA-TSMOM-H4,enausdt,TSMOM,14400,321,269,83.8,32095.7,5.043,14.49,663,PASS
ENA-TSMOM-H6,enausdt,TSMOM,21600,228,186,81.6,28401.6,5.297,11.65,549,PASS
ENA-TSMOM-H8,enausdt,TSMOM,28800,155,121,78.1,18376.0,4.182,8.80,626,PASS
ETHFI-TSMOM-H2,ethfiusdt,TSMOM,7200,606,476,78.5,21483.8,2.100,9.92,1676,PASS
ETHFI-TSMOM-H3,ethfiusdt,TSMOM,10800,442,368,83.3,28682.3,3.589,13.82,638,PASS
ETHFI-TSMOM-H6,ethfiusdt,TSMOM,21600,226,185,81.9,25105.0,4.607,10.26,605,PASS
FLOKI-ICHI-H4,flokiusdt,ICHIMOKU,14400,203,161,79.3,18804.0,4.032,6.30,1060,PASS
FLOKI-TSMOM-H3,flokiusdt,TSMOM,10800,552,442,80.1,32328.1,2.979,10.73,707,PASS
FLOKI-TSMOM-H4,flokiusdt,TSMOM,14400,426,340,79.8,29863.9,3.219,10.25,762,PASS
FLOKI-TSMOM-H6,flokiusdt,TSMOM,21600,291,236,81.1,31594.8,4.616,10.22,600,PASS
FLOKI-TSMOM-H8,flokiusdt,TSMOM,28800,229,185,80.8,26141.6,4.798,9.76,574,PASS
JTO-ICHI-H3,jtousdt,ICHIMOKU,10800,312,256,82.1,39518.8,6.384,8.29,539,PASS
JTO-ICHI-H8,jtousdt,ICHIMOKU,28800,73,59,80.8,19441.4,9.178,6.11,396,PASS
JTO-TSMOM-H1,jtousdt,TSMOM,3600,1569,1200,76.5,65394.0,2.486,14.94,959,PASS
JTO-TSMOM-H12,jtousdt,TSMOM,43200,181,144,79.6,45101.5,8.221,10.11,576,PASS
JTO-TSMOM-H2,jtousdt,TSMOM,7200,886,696,78.6,65008.7,3.589,14.66,1243,PASS
JTO-TSMOM-H3,jtousdt,TSMOM,10800,666,547,82.1,80053.1,5.639,13.42,662,PASS
JTO-TSMOM-H4,jtousdt,TSMOM,14400,514,417,81.1,64996.9,5.538,14.00,788,PASS
JTO-TSMOM-H6,jtousdt,TSMOM,21600,353,294,83.3,63868.3,8.197,12.97,531,PASS
JTO-TSMOM-H8,jtousdt,TSMOM,28800,267,223,83.5,60938.4,9.737,11.62,576,PASS
JUP-ICHI-H1,jupusdt,ICHIMOKU,3600,760,581,76.4,25965.6,2.321,11.80,1416,PASS
JUP-ICHI-H2,jupusdt,ICHIMOKU,7200,371,290,78.2,21451.4,2.909,10.53,671,PASS
JUP-ICHI-H3,jupusdt,ICHIMOKU,10800,230,182,79.1,16158.3,3.423,9.25,960,PASS
JUP-TSMOM-D1,jupusdt,TSMOM,86400,85,60,70.6,13770.7,4.149,6.40,768,PASS
JUP-TSMOM-H1,jupusdt,TSMOM,3600,1308,1005,76.8,34504.6,2.029,12.96,1419,PASS
JUP-TSMOM-H12,jupusdt,TSMOM,43200,158,122,77.2,20509.5,4.578,8.68,576,PASS
JUP-TSMOM-H2,jupusdt,TSMOM,7200,772,603,78.1,37172.5,2.652,13.98,961,PASS
JUP-TSMOM-H3,jupusdt,TSMOM,10800,554,435,78.5,33926.2,3.101,13.26,862,PASS
JUP-TSMOM-H4,jupusdt,TSMOM,14400,439,352,80.2,30164.7,3.329,13.13,641,PASS
JUP-TSMOM-H6,jupusdt,TSMOM,21600,307,242,78.8,32186.2,4.203,12.21,868,PASS
JUP-TSMOM-H8,jupusdt,TSMOM,28800,231,183,79.2,30847.6,4.956,12.03,607,PASS
ONDO-ICHI-H2,ondousdt,ICHIMOKU,7200,219,182,83.1,17562.1,4.581,14.05,768,PASS
ONDO-ICHI-H3,ondousdt,ICHIMOKU,10800,152,123,80.9,14280.8,4.109,11.80,384,PASS
OP-ICHI-H2,opusdt,ICHIMOKU,7200,682,537,78.7,29125.0,2.576,9.44,761,PASS
OP-ICHI-H8,opusdt,ICHIMOKU,28800,122,94,77.0,12936.9,3.695,4.55,576,PASS
OP-TSMOM-H12,opusdt,TSMOM,43200,224,178,79.5,31635.3,5.034,9.55,687,PASS
OP-TSMOM-H2,opusdt,TSMOM,7200,1234,961,77.9,47177.8,2.275,11.35,1038,PASS
OP-TSMOM-H3,opusdt,TSMOM,10800,832,662,79.6,39892.8,2.634,10.99,943,PASS
OP-TSMOM-H4,opusdt,TSMOM,14400,627,511,81.5,40193.0,3.108,11.08,951,PASS
OP-TSMOM-H8,opusdt,TSMOM,28800,282,233,82.6,32026.5,5.017,9.24,576,PASS
PEPE-ICHI-H3,pepeusdt,ICHIMOKU,10800,362,282,77.9,27621.6,3.805,9.65,618,PASS
PEPE-TSMOM-H12,pepeusdt,TSMOM,43200,141,98,69.5,18612.4,4.385,6.23,601,PASS
PEPE-TSMOM-H3,pepeusdt,TSMOM,10800,648,495,76.4,40248.4,3.700,12.55,877,PASS
PEPE-TSMOM-H4,pepeusdt,TSMOM,14400,507,374,73.8,37879.0,3.570,10.65,759,PASS
PEPE-TSMOM-H6,pepeusdt,TSMOM,21600,357,267,74.8,32778.3,4.214,10.20,576,PASS
PYTH-ICHI-H6,pythusdt,ICHIMOKU,21600,129,96,74.4,9497.8,2.651,5.54,675,PASS
PYTH-ICHI-H8,pythusdt,ICHIMOKU,28800,106,81,76.4,9995.5,3.207,6.37,639,PASS
PYTH-TSMOM-H12,pythusdt,TSMOM,43200,120,91,75.8,14952.7,3.824,7.50,760,PASS
PYTH-TSMOM-H2,pythusdt,TSMOM,7200,701,560,79.9,31468.9,2.489,11.28,970,PASS
PYTH-TSMOM-H3,pythusdt,TSMOM,10800,479,382,79.7,26819.5,2.728,10.97,710,PASS
PYTH-TSMOM-H4,pythusdt,TSMOM,14400,368,286,77.7,25478.5,2.883,10.24,596,PASS
PYTH-TSMOM-H6,pythusdt,TSMOM,21600,258,206,79.8,23845.7,3.766,10.12,642,PASS
PYTH-TSMOM-H8,pythusdt,TSMOM,28800,210,174,82.9,27267.8,5.360,10.61,639,PASS
RENDER-ICHI-H1,renderusdt,ICHIMOKU,3600,589,475,80.6,20979.9,2.295,11.82,930,PASS
RENDER-ICHI-H12,renderusdt,ICHIMOKU,43200,75,52,69.3,9158.2,3.380,6.34,515,PASS
RENDER-ICHI-H2,renderusdt,ICHIMOKU,7200,350,291,83.1,22223.7,3.539,14.00,668,PASS
RENDER-ICHI-H3,renderusdt,ICHIMOKU,10800,262,217,82.8,23270.0,4.378,13.76,768,PASS
RENDER-ICHI-H4,renderusdt,ICHIMOKU,14400,183,157,85.8,19362.2,5.216,12.84,384,PASS
RENDER-ICHI-H6,renderusdt,ICHIMOKU,21600,133,103,77.4,14828.7,3.859,9.09,428,PASS
RENDER-TSMOM-D1,renderusdt,TSMOM,86400,73,52,71.2,13921.6,4.699,7.35,768,PASS
RENDER-TSMOM-H12,renderusdt,TSMOM,43200,168,127,75.6,25921.2,4.622,11.75,679,PASS
RENDER-TSMOM-H2,renderusdt,TSMOM,7200,567,464,81.8,33401.5,3.218,16.63,791,PASS
RENDER-TSMOM-H3,renderusdt,TSMOM,10800,424,345,81.4,33153.9,3.756,16.01,800,PASS
RENDER-TSMOM-H4,renderusdt,TSMOM,14400,316,265,83.9,29042.4,4.360,15.39,1220,PASS
RENDER-TSMOM-H6,renderusdt,TSMOM,21600,223,182,81.6,27314.8,4.980,13.89,428,PASS
RENDER-TSMOM-H8,renderusdt,TSMOM,28800,165,142,86.1,25885.6,7.241,13.92,565,PASS
SEI-ICHI-H4,seiusdt,ICHIMOKU,14400,139,111,79.9,9068.7,3.005,6.39,384,PASS
SEI-TSMOM-H4,seiusdt,TSMOM,14400,329,253,76.9,14988.9,2.328,7.02,799,PASS
SEI-TSMOM-H6,seiusdt,TSMOM,21600,229,183,79.9,15603.0,3.216,8.00,541,PASS
SEI-TSMOM-H8,seiusdt,TSMOM,28800,159,127,79.9,11992.5,3.332,7.06,616,PASS
SUI-ICHI-H3,suiusdt,ICHIMOKU,10800,309,255,82.5,22760.6,4.136,9.68,505,PASS
SUI-ICHI-H4,suiusdt,ICHIMOKU,14400,279,216,77.4,19345.6,3.181,8.05,1023,PASS
SUI-ICHI-H8,suiusdt,ICHIMOKU,28800,137,106,77.4,12656.2,3.479,6.56,1130,PASS
SUI-TSMOM-H2,suiusdt,TSMOM,7200,865,674,77.9,36861.1,2.610,11.71,1059,PASS
SUI-TSMOM-H3,suiusdt,TSMOM,10800,579,461,79.6,34562.1,3.270,11.39,744,PASS
SUI-TSMOM-H4,suiusdt,TSMOM,14400,431,323,74.9,27677.7,2.985,8.84,865,PASS
SUI-TSMOM-H6,suiusdt,TSMOM,21600,308,246,79.9,25264.3,3.793,10.51,983,PASS
SUI-TSMOM-H8,suiusdt,TSMOM,28800,240,195,81.2,26183.4,4.628,10.45,576,PASS
TIA-ICHI-H2,tiausdt,ICHIMOKU,7200,361,299,82.8,26358.7,4.301,11.24,554,PASS
TIA-ICHI-H3,tiausdt,ICHIMOKU,10800,239,198,82.8,19026.0,3.909,9.53,768,PASS
TIA-ICHI-H4,tiausdt,ICHIMOKU,14400,149,121,81.2,16087.9,4.997,8.86,396,PASS
TIA-TSMOM-H12,tiausdt,TSMOM,43200,113,87,77.0,14594.3,4.193,7.31,360,PASS
TIA-TSMOM-H2,tiausdt,TSMOM,7200,738,598,81.0,41272.7,3.161,13.54,877,PASS
TIA-TSMOM-H3,tiausdt,TSMOM,10800,520,416,80.0,35217.9,3.116,12.43,768,PASS
TIA-TSMOM-H4,tiausdt,TSMOM,14400,404,329,81.4,34972.3,4.059,12.16,710,PASS
TIA-TSMOM-H6,tiausdt,TSMOM,21600,275,219,79.6,31355.1,4.444,10.91,733,PASS
TON-ICHI-H2,tonusdt,ICHIMOKU,7200,280,225,80.4,15908.5,3.042,8.78,534,PASS
TON-ICHI-H3,tonusdt,ICHIMOKU,10800,213,170,79.8,19518.4,4.072,9.91,615,PASS
TON-ICHI-H6,tonusdt,ICHIMOKU,21600,85,65,76.5,12241.9,4.405,6.26,763,PASS
TON-ICHI-H8,tonusdt,ICHIMOKU,28800,52,37,71.2,6207.6,3.359,3.91,1223,PASS
TON-TSMOM-H12,tonusdt,TSMOM,43200,97,74,76.3,10597.0,3.586,5.54,576,PASS
TON-TSMOM-H2,tonusdt,TSMOM,7200,463,358,77.3,19544.4,2.589,9.82,859,PASS
TON-TSMOM-H3,tonusdt,TSMOM,10800,315,259,82.2,23225.4,3.950,11.26,1037,PASS
TURBO-ICHI-H4,turbousdt,ICHIMOKU,14400,65,56,86.2,12182.9,9.436,6.88,384,PASS
TURBO-TSMOM-H2,turbousdt,TSMOM,7200,485,381,78.6,33449.0,3.101,10.89,1071,PASS
TURBO-TSMOM-H3,turbousdt,TSMOM,10800,357,269,75.4,30472.7,3.168,8.60,821,PASS
TURBO-TSMOM-H4,turbousdt,TSMOM,14400,295,240,81.4,38194.8,5.294,10.48,541,PASS
W-TSMOM-H6,wusdt,TSMOM,21600,159,124,78.0,15154.1,4.425,10.13,667,PASS
WIF-TSMOM-H2,wifusdt,TSMOM,7200,655,565,86.3,40662.6,3.964,12.91,869,PASS
WIF-TSMOM-H4,wifusdt,TSMOM,14400,372,317,85.2,32663.8,4.735,11.12,709,PASS
WIF-TSMOM-H8,wifusdt,TSMOM,28800,195,169,86.7,31411.6,7.648,8.55,754,PASS
ZRO-ICHI-H3,zrousdt,ICHIMOKU,10800,295,241,81.7,32181.3,4.809,11.34,552,PASS
ZRO-ICHI-H4,zrousdt,ICHIMOKU,14400,198,164,82.8,23137.5,5.101,12.25,818,PASS
ZRO-ICHI-H8,zrousdt,ICHIMOKU,28800,91,76,83.5,14469.0,6.024,8.63,560,PASS
ZRO-TSMOM-D1,zrousdt,TSMOM,86400,94,62,66.0,20879.6,4.476,6.23,768,PASS
ZRO-TSMOM-H1,zrousdt,TSMOM,3600,1264,989,78.2,59596.4,2.698,18.65,1951,PASS
ZRO-TSMOM-H12,zrousdt,TSMOM,43200,142,108,76.1,34447.3,6.532,10.34,576,PASS
ZRO-TSMOM-H2,zrousdt,TSMOM,7200,749,607,81.0,53805.8,3.439,16.52,964,PASS
ZRO-TSMOM-H3,zrousdt,TSMOM,10800,534,435,81.5,47275.4,3.975,17.57,601,PASS
ZRO-TSMOM-H4,zrousdt,TSMOM,14400,396,323,81.6,46394.4,4.885,14.05,659,PASS
ZRO-TSMOM-H6,zrousdt,TSMOM,21600,249,202,81.1,37851.1,5.739,14.80,576,PASS
