symbol,funding_time_ms,funding_rate,mark_price
LINKUSDT,1746892800001,0.00010000,16.41888548
LINKUSDT,1746921600000,0.00010000,17.33222238
LINKUSDT,1746950400001,0.00010000,16.44600000
LINKUSDT,1746979200001,0.00007356,16.60800000
LINKUSDT,1747008000004,0.00010000,17.09754200
LINKUSDT,1747036800000,0.00010000,17.49656414
LINKUSDT,1747065600000,0.00010000,16.82900000
LINKUSDT,1747094400000,0.00010000,16.73152890
LINKUSDT,1747123200008,0.00010000,16.40914543
LINKUSDT,1747152000001,0.00003297,16.86100000
LINKUSDT,1747180800007,0.00010000,17.38500000
LINKUSDT,1747209600000,0.00010000,17.18800000
LINKUSDT,1747238400002,0.00010000,17.00046405
LINKUSDT,1747267200000,0.00010000,17.00300000
LINKUSDT,1747296000003,0.00006273,16.19000000
LINKUSDT,1747324800000,-0.00006935,16.43900000
LINKUSDT,1747353600001,-0.00001079,16.03200000
LINKUSDT,1747382400000,0.00006200,16.34000000
LINKUSDT,1747411200000,0.00006638,16.25426790
LINKUSDT,1747440000000,0.00002221,15.74800000
LINKUSDT,1747468800001,0.00005895,15.39800000
LINKUSDT,1747497600004,-0.00001839,15.30000000
LINKUSDT,1747526400000,0.00000248,15.31424857
LINKUSDT,1747555200000,-0.00001093,15.72496000
LINKUSDT,1747584000000,0.00001733,16.34000000
LINKUSDT,1747612800000,-0.00002417,15.86876276
LINKUSDT,1747641600006,-0.00001486,15.17600000
LINKUSDT,1747670400010,0.00000722,15.46392686
LINKUSDT,1747699200000,0.00010000,15.78833143
LINKUSDT,1747728000002,0.00007501,15.94000000
LINKUSDT,1747756800000,-0.00002466,15.52955290
LINKUSDT,1747785600000,0.00000459,15.69500000
LINKUSDT,1747814400001,0.00004591,15.83600000
LINKUSDT,1747843200004,0.00005001,16.10400000
LINKUSDT,1747872000001,0.00007930,16.09300000
LINKUSDT,1747900800000,0.00010000,16.41202690
LINKUSDT,1747929600002,0.00010000,16.79688257
LINKUSDT,1747958400006,0.00010000,16.73972152
LINKUSDT,1747987200000,0.00010000,16.65786571
LINKUSDT,1748016000007,0.00010000,16.19300000
LINKUSDT,1748044800010,0.00010000,15.52800000
LINKUSDT,1748073600000,-0.00002033,15.67200000
LINKUSDT,1748102400003,0.00009506,15.63195895
LINKUSDT,1748131200004,0.00001740,15.32900000
LINKUSDT,1748160000000,0.00010000,15.28348571
LINKUSDT,1748188800000,-0.00014648,15.02765848
LINKUSDT,1748217600000,-0.00006319,15.52269324
LINKUSDT,1748246400000,0.00006676,15.92200000
LINKUSDT,1748275200002,0.00005715,15.75000000
LINKUSDT,1748304000003,0.00004343,15.53017608
LINKUSDT,1748332800001,0.00006219,15.83000000
LINKUSDT,1748361600005,0.00010000,15.99222610
LINKUSDT,1748390400002,0.00006415,15.91254524
LINKUSDT,1748419200003,0.00004128,15.86729143
LINKUSDT,1748448000002,0.00007801,15.44055129
LINKUSDT,1748476800000,0.00005939,15.68682790
LINKUSDT,1748505600006,0.00010000,15.78200000
LINKUSDT,1748534400000,-0.00003930,15.34200000
LINKUSDT,1748563200003,-0.00014220,15.04291995
LINKUSDT,1748592000003,-0.00004588,14.48700000
LINKUSDT,1748620800000,0.00005225,14.23500000
LINKUSDT,1748649600000,-0.00017475,13.87859981
LINKUSDT,1748678400000,-0.00011851,13.69740819
LINKUSDT,1748707200000,-0.00002966,13.86900000
LINKUSDT,1748736000001,-0.00007833,13.96739067
LINKUSDT,1748764800002,-0.00004452,13.86070952
LINKUSDT,1748793600000,0.00010000,13.93465010
LINKUSDT,1748822400001,0.00006172,14.05400000
LINKUSDT,1748851200000,0.00007747,13.87800000
LINKUSDT,1748880000000,0.00002518,13.70100000
LINKUSDT,1748908800000,0.00010000,14.06770286
LINKUSDT,1748937600000,0.00010000,14.12100000
LINKUSDT,1748966400001,0.00006056,14.32100000
LINKUSDT,1748995200000,0.00008996,14.10300000
LINKUSDT,1749024000000,0.00009229,14.28100000
LINKUSDT,1749052800000,-0.00003170,14.17807214
LINKUSDT,1749081600016,-0.00002455,13.82600000
LINKUSDT,1749110400000,0.00002085,13.74200000
LINKUSDT,1749139200000,-0.00001324,13.70879990
LINKUSDT,1749168000002,-0.00017716,12.87988905
LINKUSDT,1749196800000,-0.00010808,13.17042452
LINKUSDT,1749225600006,0.00000194,13.54032914
LINKUSDT,1749254400000,0.00001989,13.55737714
LINKUSDT,1749283200000,0.00010000,14.02000000
LINKUSDT,1749312000002,0.00000952,13.93000000
LINKUSDT,1749340800000,-0.00013338,13.82182505
LINKUSDT,1749369600000,0.00005083,13.73469714
LINKUSDT,1749398400000,0.00003436,13.74500000
LINKUSDT,1749427200000,0.00003021,13.71873376
LINKUSDT,1749456000001,-0.00006314,13.65500000
LINKUSDT,1749484800001,0.00007941,13.92500000
LINKUSDT,1749513600000,0.00010000,14.34600000
LINKUSDT,1749542400001,0.00003223,14.47300000
LINKUSDT,1749571200003,0.00010000,15.08776286
LINKUSDT,1749600000000,0.00010000,15.44500000
LINKUSDT,1749628800000,0.00010000,15.39919648
LINKUSDT,1749657600010,0.00010000,15.61100000
LINKUSDT,1749686400002,0.00008548,14.88769070
LINKUSDT,1749715200003,0.00000243,14.42000000
LINKUSDT,1749744000001,-0.00002943,14.24919757
LINKUSDT,1749772800000,0.00002210,13.96655267
LINKUSDT,1749801600001,-0.00017111,13.22700000
LINKUSDT,1749830400004,-0.00005406,13.40756314
LINKUSDT,1749859200000,0.00000609,13.43200000
LINKUSDT,1749888000000,-0.00004161,13.20220014
LINKUSDT,1749916800000,-0.00011261,12.99615819
LINKUSDT,1749945600005,-0.00007485,13.14100000
LINKUSDT,1749974400009,-0.00011512,13.14563176
LINKUSDT,1750003200000,0.00001176,13.16800000
LINKUSDT,1750032000000,-0.00002578,13.29315014
LINKUSDT,1750060800000,0.00002516,13.67620286
LINKUSDT,1750089600003,0.00009935,13.79078000
LINKUSDT,1750118400000,0.00008883,13.55732571
LINKUSDT,1750147200006,0.00000919,13.48976976
LINKUSDT,1750176000001,0.00007019,13.04589562
LINKUSDT,1750204800001,0.00000006,12.98367210
LINKUSDT,1750233600001,-0.00006610,13.08750571
LINKUSDT,1750262400001,-0.00012747,12.88700000
LINKUSDT,1750291200005,0.00006836,13.10587714
LINKUSDT,1750320000003,0.00002745,13.12048633
LINKUSDT,1750348800000,0.00001082,12.94800000
LINKUSDT,1750377600000,0.00007042,13.06774214
LINKUSDT,1750406400002,0.00008285,13.17333586
LINKUSDT,1750435200001,-0.00007504,12.89500000
LINKUSDT,1750464000002,-0.00009279,12.50000000
LINKUSDT,1750492800005,0.00004130,12.63244286
LINKUSDT,1750521600000,-0.00002087,12.49031762
LINKUSDT,1750550400005,0.00009349,12.01984969
LINKUSDT,1750579200000,0.00002955,11.96100000
LINKUSDT,1750608000003,-0.00001753,11.43300000
LINKUSDT,1750636800000,-0.00000983,11.64800000
LINKUSDT,1750665600004,0.00001832,11.84900000
LINKUSDT,1750694400013,0.00000823,11.74900000
LINKUSDT,1750723200003,0.00005242,12.81764286
LINKUSDT,1750752000000,0.00007989,13.03309429
LINKUSDT,1750780800000,0.00010000,13.34500000
LINKUSDT,1750809600005,0.00003606,13.41290838
LINKUSDT,1750838400000,0.00010000,13.45123686
LINKUSDT,1750867200005,0.00009061,13.05100000
LINKUSDT,1750896000000,0.00002686,13.12860286
LINKUSDT,1750924800006,-0.00003615,13.37877400
LINKUSDT,1750953600007,-0.00001057,13.10800000
LINKUSDT,1750982400000,0.00005057,12.93000000
LINKUSDT,1751011200000,0.00004917,13.01771569
LINKUSDT,1751040000009,0.00004682,13.03500000
LINKUSDT,1751068800001,0.00006689,13.04400000
LINKUSDT,1751097600002,0.00000957,13.15700000
LINKUSDT,1751126400000,0.00007499,13.27000000
LINKUSDT,1751155200004,0.00010000,13.39000000
LINKUSDT,1751184000001,0.00007334,13.43600000
LINKUSDT,1751212800001,-0.00001412,13.27500000
LINKUSDT,1751241600000,0.00010000,13.70346119
LINKUSDT,1751270400005,-0.00009367,13.33681329
LINKUSDT,1751299200002,0.00003543,13.36786414
LINKUSDT,1751328000007,0.00010000,13.37649914
LINKUSDT,1751356800002,0.00000591,13.21700000
LINKUSDT,1751385600000,-0.00003789,13.00661071
LINKUSDT,1751414400001,-0.00005407,12.88766067
LINKUSDT,1751443200000,0.00003044,13.03271010
LINKUSDT,1751472000003,0.00010000,13.36665390
LINKUSDT,1751500800006,0.00010000,13.55253205
LINKUSDT,1751529600003,0.00010000,13.87700000
LINKUSDT,1751558400003,0.00010000,13.61569543
LINKUSDT,1751587200005,0.00010000,13.66233252
LINKUSDT,1751616000003,0.00010000,13.36687124
LINKUSDT,1751644800001,-0.00000435,13.06600000
LINKUSDT,1751673600004,-0.00002035,13.16000000
LINKUSDT,1751702400009,0.00008750,13.18200000
LINKUSDT,1751731200006,0.00002575,13.11800000
LINKUSDT,1751760000001,0.00000294,13.22200000
LINKUSDT,1751788800002,0.00004710,13.14904000
LINKUSDT,1751817600004,0.00009077,13.42316857
LINKUSDT,1751846400000,0.00010000,13.48029329
LINKUSDT,1751875200007,0.00010000,13.62107295
LINKUSDT,1751904000000,0.00009844,13.52523429
LINKUSDT,1751932800010,0.00005456,13.42969000
LINKUSDT,1751961600003,0.00000516,13.35009205
LINKUSDT,1751990400000,0.00003391,13.49098795
LINKUSDT,1752019200002,0.00010000,13.96400000
LINKUSDT,1752048000006,0.00010000,14.14524010
LINKUSDT,1752076800001,0.00010000,14.00900000
LINKUSDT,1752105600003,0.00010000,14.24495238
LINKUSDT,1752134400000,0.00010000,14.39100000
LINKUSDT,1752163200004,0.00008418,14.33666952
LINKUSDT,1752192000004,0.00010000,15.23301492
LINKUSDT,1752220800007,0.00010000,15.26401995
LINKUSDT,1752249600001,0.00010000,15.48200000
LINKUSDT,1752278400000,0.00010000,15.28849429
LINKUSDT,1752307200001,0.00010000,15.24499252
LINKUSDT,1752336000002,0.00010000,14.82127429
LINKUSDT,1752364800006,0.00010000,15.11064286
LINKUSDT,1752393600001,0.00010000,15.35655181
LINKUSDT,1752422400003,0.00010000,15.69462000
LINKUSDT,1752451200000,0.00010000,15.65042733
LINKUSDT,1752480000000,0.00010000,16.15612214
LINKUSDT,1752508800000,0.00010000,15.97133429
LINKUSDT,1752537600002,0.00010000,15.75400000
LINKUSDT,1752566400000,0.00010000,15.40500000
LINKUSDT,1752595200000,0.00010000,15.57000000
LINKUSDT,1752624000000,0.00010000,16.10640048
LINKUSDT,1752652800000,0.00010000,16.31838676
LINKUSDT,1752681600008,0.00010000,16.60500000
LINKUSDT,1752710400003,0.00010000,16.67100000
LINKUSDT,1752739200000,0.00010000,16.98500000
LINKUSDT,1752768000000,0.00010000,17.13459252
LINKUSDT,1752796800004,0.00010000,17.99700000
LINKUSDT,1752825600000,0.00010000,18.52295205
LINKUSDT,1752854400000,0.00010000,17.92600000
LINKUSDT,1752883200009,0.00010000,17.83587276
LINKUSDT,1752912000000,0.00010000,17.95744814
LINKUSDT,1752940800002,0.00010000,17.92588024
LINKUSDT,1752969600000,0.00010000,18.39200000
LINKUSDT,1752998400000,0.00010000,18.80752286
LINKUSDT,1753027200000,0.00010000,19.70679157
LINKUSDT,1753056000001,0.00010000,19.27852267
LINKUSDT,1753084800000,0.00010000,19.74811562
LINKUSDT,1753113600001,0.00010000,19.79800000
LINKUSDT,1753142400000,0.00010000,19.49930481
LINKUSDT,1753171200010,0.00010000,19.05535805
LINKUSDT,1753200000007,0.00010000,19.34800000
LINKUSDT,1753228800000,0.00010000,19.66900000
LINKUSDT,1753257600004,0.00010000,19.14943714
LINKUSDT,1753286400002,0.00010000,18.48794676
LINKUSDT,1753315200000,0.00010000,18.16755714
LINKUSDT,1753344000001,0.00010000,17.73487729
LINKUSDT,1753372800000,0.00010000,18.46400000
LINKUSDT,1753401600000,0.00010000,17.90100000
LINKUSDT,1753430400000,0.00010000,17.49990571
LINKUSDT,1753459200000,0.00010000,17.60610371
LINKUSDT,1753488000001,0.00010000,18.29195133
LINKUSDT,1753516800005,0.00010000,18.22276762
LINKUSDT,1753545600001,0.00010000,18.39683714
LINKUSDT,1753574400001,0.00010000,18.40322752
LINKUSDT,1753603200000,0.00010000,18.77300219
LINKUSDT,1753632000008,0.00010000,18.84072571
LINKUSDT,1753660800005,0.00010000,19.22800000
LINKUSDT,1753689600000,0.00010000,19.29300000
LINKUSDT,1753718400000,0.00010000,18.38719481
LINKUSDT,1753747200001,-0.00016131,18.11200000
LINKUSDT,1753776000000,0.00010000,18.58510477
LINKUSDT,1753804800000,0.00010000,17.69070071
LINKUSDT,1753833600011,0.00010000,17.82300000
LINKUSDT,1753862400000,0.00010000,17.69700000
LINKUSDT,1753891200008,0.00000279,17.58600000
LINKUSDT,1753920000000,-0.00000912,17.69700000
LINKUSDT,1753948800009,0.00008963,18.02005432
LINKUSDT,1753977600000,-0.00001879,17.51799080
LINKUSDT,1754006400001,0.00004219,16.92100000
LINKUSDT,1754035200003,0.00005136,16.62738195
LINKUSDT,1754064000000,0.00009399,16.63073095
LINKUSDT,1754092800004,0.00010000,16.06200000
LINKUSDT,1754121600000,0.00005192,16.13000000
LINKUSDT,1754150400000,0.00008882,15.78040752
LINKUSDT,1754179200000,0.00003288,15.63614876
LINKUSDT,1754208000000,0.00001864,16.00416781
LINKUSDT,1754236800003,0.00001271,16.23000000
LINKUSDT,1754265600004,-0.00000115,16.28800000
LINKUSDT,1754294400000,0.00009158,16.62074843
LINKUSDT,1754323200002,0.00002772,16.91325381
LINKUSDT,1754352000000,0.00010000,17.10700000
LINKUSDT,1754380800000,0.00010000,16.49616910
LINKUSDT,1754409600000,0.00010000,16.25849922
LINKUSDT,1754438400005,0.00005777,16.37461110
LINKUSDT,1754467200000,0.00005020,16.50700000
LINKUSDT,1754496000000,-0.00000087,16.77722255
LINKUSDT,1754524800003,0.00010000,16.66600000
LINKUSDT,1754553600002,0.00010000,16.82300000
LINKUSDT,1754582400002,0.00009466,17.82900000
LINKUSDT,1754611200002,0.00010000,18.47022969
LINKUSDT,1754640000004,0.00010000,19.32400000
LINKUSDT,1754668800000,0.00010000,19.20301603
LINKUSDT,1754697600005,0.00010000,19.89790000
LINKUSDT,1754726400000,0.00010000,20.79619310
LINKUSDT,1754755200007,0.00010000,21.06423793
LINKUSDT,1754784000003,0.00010000,21.93525172
LINKUSDT,1754812800005,0.00010000,21.88800000
LINKUSDT,1754841600002,0.00010000,22.48500000
LINKUSDT,1754870400000,0.00010000,22.05900000
LINKUSDT,1754899200000,0.00010000,21.94385567
LINKUSDT,1754928000000,0.00010000,21.95751633
LINKUSDT,1754956800000,0.00010000,21.06431652
LINKUSDT,1754985600001,0.00010000,21.47588000
LINKUSDT,1755014400005,0.00010000,24.01000000
LINKUSDT,1755043200000,0.00010000,23.59200000
LINKUSDT,1755072000002,0.00002102,23.40300000
LINKUSDT,1755100800006,0.00010000,23.60701552
LINKUSDT,1755129600002,0.00010000,23.96700000
LINKUSDT,1755158400003,0.00010000,23.53073714
LINKUSDT,1755187200000,0.00010000,22.75800000
LINKUSDT,1755216000000,0.00010000,22.45100762
LINKUSDT,1755244800000,0.00005026,22.57279181
LINKUSDT,1755273600000,0.00010000,21.58400000
LINKUSDT,1755302400004,0.00010000,21.74312628
LINKUSDT,1755331200000,0.00010000,22.04181034
LINKUSDT,1755360000002,0.00010000,21.99963236
LINKUSDT,1755388800000,-0.00005426,22.62700000
LINKUSDT,1755417600001,0.00010000,24.28692759
LINKUSDT,1755446400007,0.00010000,26.29865517
LINKUSDT,1755475200000,0.00010000,25.63900000
LINKUSDT,1755504000001,0.00010000,24.69587994
LINKUSDT,1755532800002,0.00001035,25.36827562
LINKUSDT,1755561600000,0.00007148,25.77236895
LINKUSDT,1755590400001,-0.00006356,24.28400000
LINKUSDT,1755619200000,0.00010000,24.27400000
LINKUSDT,1755648000000,0.00010000,23.55675905
LINKUSDT,1755676800000,0.00010000,24.41763366
LINKUSDT,1755705600000,0.00010000,25.94161529
LINKUSDT,1755734400006,0.00010000,26.44189338
LINKUSDT,1755763200000,0.00005074,25.69700000
LINKUSDT,1755792000003,-0.00004682,25.06900000
LINKUSDT,1755820800010,0.00004051,24.81028276
LINKUSDT,1755849600007,-0.00001117,25.02812481
LINKUSDT,1755878400001,0.00010000,26.45923071
LINKUSDT,1755907200004,0.00010000,26.79044643
LINKUSDT,1755936000006,0.00010000,25.87000000
LINKUSDT,1755964800000,-0.00000972,25.98900000
LINKUSDT,1755993600001,0.00010000,26.27600000
LINKUSDT,1756022400002,0.00010000,25.59900000
LINKUSDT,1756051200001,0.00010000,25.55500000
LINKUSDT,1756080000000,0.00010000,25.81833114
LINKUSDT,1756108800002,0.00010000,24.96639143
LINKUSDT,1756137600002,0.00003819,24.40581552
LINKUSDT,1756166400000,0.00001733,23.37400000
LINKUSDT,1756195200000,-0.00000539,23.13899581
LINKUSDT,1756224000000,-0.00004838,24.16370643
LINKUSDT,1756252800003,0.00008165,24.37195924
LINKUSDT,1756281600000,0.00010000,24.14993024
LINKUSDT,1756310400009,0.00002885,24.28400000
LINKUSDT,1756339200000,0.00010000,23.77114000
LINKUSDT,1756368000005,0.00010000,24.21268286
LINKUSDT,1756396800004,0.00010000,24.77883100
LINKUSDT,1756425600000,0.00003302,25.16700000
LINKUSDT,1756454400000,-0.00013615,23.53520057
LINKUSDT,1756483200005,-0.00004944,23.43700000
LINKUSDT,1756512000000,0.00000543,23.41300000
LINKUSDT,1756540800002,0.00008254,23.35700000
LINKUSDT,1756569600003,0.00004252,23.40000000
LINKUSDT,1756598400016,0.00007100,23.49300000
LINKUSDT,1756627200000,0.00006412,23.71641952
LINKUSDT,1756656000001,0.00010000,23.76900000
LINKUSDT,1756684800000,0.00008258,23.19400000
LINKUSDT,1756713600000,0.00010000,23.58279429
LINKUSDT,1756742400001,0.00010000,22.78758190
LINKUSDT,1756771200000,0.00006534,22.50500000
LINKUSDT,1756800000005,0.00010000,23.22955429
LINKUSDT,1756828800007,0.00010000,22.84562000
LINKUSDT,1756857600006,0.00010000,23.48192000
LINKUSDT,1756886400002,0.00010000,23.27900000
LINKUSDT,1756915200002,0.00010000,23.79800000
LINKUSDT,1756944000002,0.00010000,23.68600000
LINKUSDT,1756972800000,0.00007904,23.26200000
LINKUSDT,1757001600000,-0.00004095,22.46600000
LINKUSDT,1757030400001,-0.00008350,22.30100000
LINKUSDT,1757059200006,0.00007720,23.06394819
LINKUSDT,1757088000000,0.00010000,22.22200000
LINKUSDT,1757116800000,0.00010000,22.28500000
LINKUSDT,1757145600005,0.00010000,22.20900000
LINKUSDT,1757174400000,0.00010000,22.05800357
LINKUSDT,1757203200000,0.00010000,22.18902876
LINKUSDT,1757232000000,0.00010000,22.29637719
LINKUSDT,1757260800000,0.00010000,22.39800000
LINKUSDT,1757289600007,0.00010000,22.45767205
LINKUSDT,1757318400000,0.00010000,22.39400000
LINKUSDT,1757347200000,0.00010000,23.21067229
LINKUSDT,1757376000000,0.00010000,23.03500000
LINKUSDT,1757404800000,0.00010000,23.66772857
LINKUSDT,1757433600000,0.00010000,22.92388038
LINKUSDT,1757462400000,-0.00000127,23.04100000
LINKUSDT,1757491200002,0.00010000,23.43900000
LINKUSDT,1757520000000,0.00010000,23.66486486
LINKUSDT,1757548800000,0.00007537,23.56500000
LINKUSDT,1757577600000,0.00010000,23.81700000
LINKUSDT,1757606400001,-0.00000981,23.50800000
LINKUSDT,1757635200002,0.00010000,24.45534338
LINKUSDT,1757664000001,0.00010000,24.52667619
LINKUSDT,1757692800005,0.00006451,24.47600000
LINKUSDT,1757721600005,0.00010000,25.12397424
LINKUSDT,1757750400002,0.00010000,25.16347143
LINKUSDT,1757779200000,0.00010000,24.82774176
LINKUSDT,1757808000006,0.00010000,24.87400000
LINKUSDT,1757836800000,0.00010000,24.60438857
LINKUSDT,1757865600001,0.00002996,24.03272344
LINKUSDT,1757894400006,0.00002550,24.08693752
LINKUSDT,1757923200002,-0.00001011,23.83700000
LINKUSDT,1757952000001,-0.00003566,23.15617181
LINKUSDT,1757980800001,-0.00005941,23.54900000
LINKUSDT,1758009600000,0.00005437,23.47700000
LINKUSDT,1758038400000,0.00003106,23.45100000
LINKUSDT,1758067200001,0.00007740,23.47231010
LINKUSDT,1758096000000,0.00001845,23.54400000
LINKUSDT,1758124800003,0.00010000,22.95581219
LINKUSDT,1758153600006,0.00010000,23.98800000
LINKUSDT,1758182400002,0.00010000,23.95900000
LINKUSDT,1758211200000,0.00010000,24.45900000
LINKUSDT,1758240000000,0.00010000,24.62800638
LINKUSDT,1758268800005,0.00010000,24.73000000
LINKUSDT,1758297600000,0.00001607,23.59250400
LINKUSDT,1758326400000,-0.00003684,23.46200000
LINKUSDT,1758355200000,-0.00004753,23.49689790
LINKUSDT,1758384000002,-0.00006040,23.41174876
LINKUSDT,1758412800000,-0.00000780,23.32020533
LINKUSDT,1758441600000,0.00007195,23.34742933
LINKUSDT,1758470400000,-0.00001963,23.07465419
LINKUSDT,1758499200005,-0.00002611,22.94415619
LINKUSDT,1758528000003,-0.00015206,21.26652724
LINKUSDT,1758556800000,-0.00005322,21.19000000
LINKUSDT,1758585600000,0.00001649,21.64615086
LINKUSDT,1758614400001,0.00003745,21.78100000
LINKUSDT,1758643200000,0.00000328,21.84800000
LINKUSDT,1758672000003,0.00010000,21.51093943
LINKUSDT,1758700800001,0.00010000,21.71186857
LINKUSDT,1758729600002,0.00010000,21.75400000
LINKUSDT,1758758400000,0.00007296,21.59400857
LINKUSDT,1758787200001,0.00009239,20.95600000
LINKUSDT,1758816000000,0.00010000,20.87712000
LINKUSDT,1758844800000,0.00010000,20.13900000
LINKUSDT,1758873600000,0.00010000,20.35400000
LINKUSDT,1758902400008,0.00010000,20.58993457
LINKUSDT,1758931200000,0.00005057,21.06000000
LINKUSDT,1758960000010,0.00010000,20.94600000
LINKUSDT,1758988800003,0.00010000,20.94823810
LINKUSDT,1759017600000,0.00010000,20.90600000
LINKUSDT,1759046400000,0.00005004,20.72200000
LINKUSDT,1759075200000,0.00010000,20.97373333
LINKUSDT,1759104000000,0.00010000,21.66900000
LINKUSDT,1759132800002,-0.00005983,21.24500000
LINKUSDT,1759161600001,-0.00004871,21.38013495
LINKUSDT,1759190400002,0.00010000,21.72707238
LINKUSDT,1759219200005,0.00010000,21.40900000
LINKUSDT,1759248000000,-0.00002939,21.09100000
LINKUSDT,1759276800000,0.00010000,21.30280286
LINKUSDT,1759305600000,0.00010000,21.32934315
LINKUSDT,1759334400000,0.00010000,22.39100000
LINKUSDT,1759363200000,0.00010000,22.56800000
LINKUSDT,1759392000013,0.00010000,22.56274419
LINKUSDT,1759420800000,-0.00007358,22.41276571
LINKUSDT,1759449600006,0.00007867,22.76400000
LINKUSDT,1759478400006,0.00010000,22.38019467
LINKUSDT,1759507200000,0.00000440,22.70646610
LINKUSDT,1759536000001,0.00010000,22.49900000
LINKUSDT,1759564800000,0.00010000,22.06406010
LINKUSDT,1759593600000,0.00007081,21.82500000
LINKUSDT,1759622400000,0.00010000,22.00900000
LINKUSDT,1759651200003,0.00010000,22.81200000
LINKUSDT,1759680000009,0.00010000,22.46500000
LINKUSDT,1759708800004,-0.00005209,21.99043810
LINKUSDT,1759737600002,0.00003921,21.91600000
LINKUSDT,1759766400004,0.00010000,22.83004286
LINKUSDT,1759795200000,0.00010000,23.36729295
LINKUSDT,1759824000003,0.00010000,22.84968286
LINKUSDT,1759852800000,-0.00002203,21.98408352
LINKUSDT,1759881600000,-0.00017606,21.79106857
LINKUSDT,1759910400006,-0.00002050,21.89900000
LINKUSDT,1759939200002,0.00007797,21.98600000
LINKUSDT,1759968000001,0.00010000,22.62500000
LINKUSDT,1759996800000,0.00010000,21.96100000
LINKUSDT,1760025600000,-0.00003053,21.48400000
LINKUSDT,1760054400005,0.00010000,21.98600000
LINKUSDT,1760083200002,0.00010000,22.29294000
LINKUSDT,1760112000014,0.00010000,21.36400000
LINKUSDT,1760140800000,-0.00030062,17.26974543
LINKUSDT,1760169600003,-0.00001090,17.72000000
LINKUSDT,1760198400000,0.00001182,17.97000000
LINKUSDT,1760227200004,-0.00004877,17.19056829
LINKUSDT,1760256000002,-0.00001264,17.39300000
LINKUSDT,1760284800000,0.00001477,18.77198410
LINKUSDT,1760313600003,0.00007118,18.98300000
LINKUSDT,1760342400002,0.00003213,19.52646886
LINKUSDT,1760371200003,0.00009358,19.73000000
LINKUSDT,1760400000000,0.00010000,19.83800000
LINKUSDT,1760428800000,0.00010000,18.55100000
LINKUSDT,1760457600000,0.00005009,19.03090876
LINKUSDT,1760486400006,0.00006747,19.09400000
LINKUSDT,1760515200002,0.00007401,18.85938952
LINKUSDT,1760544000000,0.00003077,18.12630971
LINKUSDT,1760572800000,0.00007740,18.04400000
LINKUSDT,1760601600003,-0.00003798,18.04601305
LINKUSDT,1760630400002,0.00004244,17.66263914
LINKUSDT,1760659200001,0.00009221,17.42096276
LINKUSDT,1760688000005,0.00005003,16.20199790
LINKUSDT,1760716800003,0.00010000,16.62025429
LINKUSDT,1760745600000,0.00005223,16.59400000
LINKUSDT,1760774400002,0.00000588,16.69965276
LINKUSDT,1760803200001,0.00005481,16.78405857
LINKUSDT,1760832000001,0.00007659,16.80413333
LINKUSDT,1760860800001,0.00006133,16.79555095
LINKUSDT,1760889600001,0.00002355,17.39421143
LINKUSDT,1760918400004,0.00001261,17.27560600
LINKUSDT,1760947200001,0.00003040,18.61756971
LINKUSDT,1760976000000,0.00010000,18.76233238
LINKUSDT,1761004800009,0.00004710,18.64700000
LINKUSDT,1761033600000,-0.00001311,18.04509286
LINKUSDT,1761062400000,-0.00011381,18.79100000
LINKUSDT,1761091200004,0.00002313,17.59700000
LINKUSDT,1761120000000,-0.00004325,17.60700000
LINKUSDT,1761148800000,-0.00007300,17.46700000
LINKUSDT,1761177600000,0.00010000,17.19379790
LINKUSDT,1761206400001,-0.00004485,17.56800000
LINKUSDT,1761235200004,0.00010000,17.39900000
LINKUSDT,1761264000000,0.00010000,17.42923257
LINKUSDT,1761292800000,-0.00000684,17.63717848
LINKUSDT,1761321600009,0.00002035,17.55359733
LINKUSDT,1761350400000,0.00010000,17.88975813
LINKUSDT,1761379200001,0.00007485,17.87500952
LINKUSDT,1761408000001,0.00006743,17.98200000
LINKUSDT,1761436800001,0.00006186,18.00711362
LINKUSDT,1761465600001,0.00005252,17.84891619
LINKUSDT,1761494400000,0.00006822,18.32450000
LINKUSDT,1761523200000,0.00010000,18.53926267
LINKUSDT,1761552000005,0.00010000,18.82600000
LINKUSDT,1761580800000,0.00004100,18.39900000
LINKUSDT,1761609600000,0.00010000,18.20500000
LINKUSDT,1761638400000,0.00005430,18.32059286
LINKUSDT,1761667200004,0.00006193,18.37454448
LINKUSDT,1761696000004,-0.00008606,17.81607086
LINKUSDT,1761724800005,-0.00005819,17.91300000
LINKUSDT,1761753600000,0.00010000,18.01222124
LINKUSDT,1761782400004,0.00010000,18.12500000
LINKUSDT,1761811200008,0.00002867,18.35500000
LINKUSDT,1761840000001,-0.00010997,16.89726410
LINKUSDT,1761868800000,-0.00018715,16.79000000
LINKUSDT,1761897600008,0.00003110,17.21400000
LINKUSDT,1761926400007,0.00004474,17.27900000
LINKUSDT,1761955200001,0.00010000,17.23403905
LINKUSDT,1761984000000,0.00010000,17.31900000
LINKUSDT,1762012800000,0.00010000,17.25232207
LINKUSDT,1762041600007,0.00010000,17.13777048
LINKUSDT,1762070400000,0.00004903,17.52506143
LINKUSDT,1762099200001,0.00005639,17.12700000
LINKUSDT,1762128000000,0.00009373,17.58100000
LINKUSDT,1762156800010,-0.00017586,16.11609733
LINKUSDT,1762185600000,0.00001459,15.29216857
LINKUSDT,1762214400002,0.00004401,15.23792095
LINKUSDT,1762243200004,0.00006154,14.62600000
LINKUSDT,1762272000000,0.00010000,15.11143115
LINKUSDT,1762300800000,0.00010000,14.67730424
LINKUSDT,1762329600000,0.00010000,14.90000000
LINKUSDT,1762358400004,0.00004122,15.08581124
LINKUSDT,1762387200001,0.00010000,15.08700000
LINKUSDT,1762416000000,0.00004074,14.89662686
LINKUSDT,1762444800001,0.00003004,14.46100000
LINKUSDT,1762473600005,0.00010000,14.73662524
LINKUSDT,1762502400003,0.00010000,15.15629590
LINKUSDT,1762531200005,0.00010000,15.02819590
LINKUSDT,1762560000011,0.00010000,15.79063429
LINKUSDT,1762588800015,0.00010000,15.71201410
LINKUSDT,1762617600001,0.00005397,15.20670089
LINKUSDT,1762646400004,0.00002923,15.51300000
LINKUSDT,1762675200000,0.00005784,15.36227438
LINKUSDT,1762704000005,0.00001229,15.81610790
LINKUSDT,1762732800000,0.00006779,15.91953619
LINKUSDT,1762761600000,0.00003362,16.35401343
LINKUSDT,1762790400003,0.00010000,16.08117276
LINKUSDT,1762819200007,0.00005970,16.35600000
LINKUSDT,1762848000000,0.00000154,15.98713867
LINKUSDT,1762876800009,0.00009444,15.79100000
LINKUSDT,1762905600000,0.00007824,15.27728248
LINKUSDT,1762934400002,-0.00009319,15.32487187
LINKUSDT,1762963200000,0.00010000,15.37308695
LINKUSDT,1762992000002,-0.00018861,15.14200000
LINKUSDT,1763020800000,0.00010000,15.88112838
LINKUSDT,1763049600001,0.00009332,15.31251524
LINKUSDT,1763078400000,-0.00020034,14.53970638
LINKUSDT,1763107200000,0.00005706,14.44033495
LINKUSDT,1763136000001,0.00007405,14.28487714
LINKUSDT,1763164800005,0.00004317,13.80348887
LINKUSDT,1763193600000,0.00008787,14.07600000
LINKUSDT,1763222400001,0.00005782,14.16600000
LINKUSDT,1763251200001,0.00010000,14.12882476
LINKUSDT,1763280000000,0.00009590,14.32917010
LINKUSDT,1763308800000,-0.00005063,13.77700000
LINKUSDT,1763337600003,0.00010000,13.72900000
LINKUSDT,1763366400003,0.00005259,14.11400000
LINKUSDT,1763395200000,0.00010000,13.70600000
LINKUSDT,1763424000002,-0.00004119,13.32200000
LINKUSDT,1763452800004,0.00010000,13.38500000
LINKUSDT,1763481600000,0.00010000,13.70700000
LINKUSDT,1763510400000,0.00010000,13.80025057
LINKUSDT,1763539200000,0.00008447,13.47400000
LINKUSDT,1763568000008,-0.00002860,13.01400000
LINKUSDT,1763596800000,0.00004059,13.52442171
LINKUSDT,1763625600000,0.00010000,13.94206571
LINKUSDT,1763654400000,0.00010000,13.41700000
LINKUSDT,1763683200001,-0.00002357,12.93300000
LINKUSDT,1763712000000,0.00010000,12.27381886
LINKUSDT,1763740800001,-0.00000124,11.90500000
LINKUSDT,1763769600004,-0.00000471,12.10900000
LINKUSDT,1763798400000,0.00005348,11.99100000
LINKUSDT,1763827200000,-0.00000232,11.91500000
LINKUSDT,1763856000000,0.00004052,12.16600000
LINKUSDT,1763884800008,-0.00001492,12.36159815
LINKUSDT,1763913600003,-0.00001519,12.67320406
LINKUSDT,1763942400004,0.00001197,12.51657727
LINKUSDT,1763971200000,0.00003031,12.57594369
LINKUSDT,1764000000006,0.00002403,12.61500000
LINKUSDT,1764028800000,0.00007426,12.96200000
LINKUSDT,1764057600009,-0.00003293,12.81000000
LINKUSDT,1764086400007,-0.00003623,12.72915808
LINKUSDT,1764115200001,0.00010000,13.07700000
LINKUSDT,1764144000001,0.00010000,13.06600000
LINKUSDT,1764172800000,0.00006942,12.86900000
LINKUSDT,1764201600013,0.00010000,13.44900000
LINKUSDT,1764230400000,0.00010000,13.34800000
LINKUSDT,1764259200004,0.00006609,13.45800000
LINKUSDT,1764288000008,0.00005742,13.33054664
LINKUSDT,1764316800000,0.00006206,13.21740233
LINKUSDT,1764345600008,0.00000503,13.41549192
LINKUSDT,1764374400000,0.00002589,13.11496246
LINKUSDT,1764403200005,0.00010000,13.09102084
LINKUSDT,1764432000001,0.00010000,13.16600000
LINKUSDT,1764460800003,0.00005235,12.97800000
LINKUSDT,1764489600000,0.00007818,13.04600000
LINKUSDT,1764518400004,0.00010000,13.24000000
LINKUSDT,1764547200000,-0.00000543,12.94612220
LINKUSDT,1764576000004,-0.00014690,12.18200953
LINKUSDT,1764604800000,-0.00001941,11.99510192
LINKUSDT,1764633600004,0.00005273,12.06700000
LINKUSDT,1764662400000,0.00005838,12.12400000
LINKUSDT,1764691200000,0.00006145,13.29200000
LINKUSDT,1764720000000,0.00010000,13.46200000
LINKUSDT,1764748800000,0.00000194,14.37800000
LINKUSDT,1764777600005,0.00010000,14.39270341
LINKUSDT,1764806400012,0.00010000,14.63323982
LINKUSDT,1764835200000,0.00000812,14.53500000
LINKUSDT,1764864000011,0.00006572,14.47743444
LINKUSDT,1764892800000,0.00010000,14.24800000
LINKUSDT,1764921600000,-0.00004912,14.24200000
LINKUSDT,1764950400010,0.00002426,13.93686894
LINKUSDT,1764979200001,-0.00001297,13.58100000
LINKUSDT,1765008000001,-0.00017941,13.59300000
LINKUSDT,1765036800008,-0.00002052,13.81000000
LINKUSDT,1765065600000,0.00004716,13.91200000
LINKUSDT,1765094400004,0.00007272,13.92341891
LINKUSDT,1765123200000,0.00000943,13.61203557
LINKUSDT,1765152000000,-0.00000808,13.64000000
LINKUSDT,1765180800000,0.00001165,14.00100000
LINKUSDT,1765209600001,-0.00003250,13.73109566
LINKUSDT,1765238400001,0.00000576,13.75500000
LINKUSDT,1765267200001,-0.00004127,13.82544249
LINKUSDT,1765296000007,0.00003824,14.40100000
LINKUSDT,1765324800007,0.00010000,14.40000000
LINKUSDT,1765353600002,-0.00019623,14.16900000
LINKUSDT,1765382400012,-0.00009596,14.01619155
LINKUSDT,1765411200001,0.00010000,14.09623125
LINKUSDT,1765440000000,0.00004347,13.53000000
LINKUSDT,1765468800000,0.00002295,13.51360305
LINKUSDT,1765497600005,0.00010000,14.06100000
LINKUSDT,1765526400007,0.00006045,14.05012639
LINKUSDT,1765555200002,0.00000867,13.53214443
LINKUSDT,1765584000001,-0.00002557,13.63000000
LINKUSDT,1765612800006,0.00010000,13.78102793
LINKUSDT,1765641600000,0.00010000,13.81300000
LINKUSDT,1765670400000,0.00010000,13.72827795
LINKUSDT,1765699200003,0.00003317,13.71155464
LINKUSDT,1765728000005,0.00003444,13.46500000
LINKUSDT,1765756800000,0.00003444,13.27000000
LINKUSDT,1765785600000,0.00006868,13.56700000
LINKUSDT,1765814400000,0.00004491,12.77300000
LINKUSDT,1765843200002,-0.00001710,12.85100000
LINKUSDT,1765872000000,0.00001232,12.68800000
LINKUSDT,1765900800002,0.00010000,13.03800000
LINKUSDT,1765929600004,0.00009606,12.92100000
LINKUSDT,1765958400000,0.00005774,12.76846574
LINKUSDT,1765987200000,0.00004241,12.56400000
LINKUSDT,1766016000005,-0.00000809,12.26382686
LINKUSDT,1766044800007,-0.00010683,12.16900000
LINKUSDT,1766073600001,0.00008102,12.62800000
LINKUSDT,1766102400000,-0.00000416,11.92400000
LINKUSDT,1766131200001,0.00003570,12.37000000
LINKUSDT,1766160000000,0.00010000,12.47030484
LINKUSDT,1766188800005,0.00010000,12.53300000
LINKUSDT,1766217600000,0.00005742,12.61397831
LINKUSDT,1766246400002,0.00010000,12.61209270
LINKUSDT,1766275200000,0.00010000,12.54700000
LINKUSDT,1766304000009,0.00004896,12.50941876
LINKUSDT,1766332800000,-0.00006917,12.32416590
LINKUSDT,1766361600000,-0.00004219,12.43100000
LINKUSDT,1766390400005,-0.00002718,12.57809513
LINKUSDT,1766419200009,0.00007771,12.80200000
LINKUSDT,1766448000000,-0.00000718,12.57900000
LINKUSDT,1766476800000,-0.00006273,12.32747270
LINKUSDT,1766505600001,0.00007043,12.27758225
LINKUSDT,1766534400001,0.00005846,12.38900000
LINKUSDT,1766563200001,-0.00003302,12.18100000
LINKUSDT,1766592000000,0.00000465,12.17843980
LINKUSDT,1766620800000,0.00010000,12.27194888
LINKUSDT,1766649600001,0.00010000,12.30248661
LINKUSDT,1766678400005,0.00003265,12.36503949
LINKUSDT,1766707200004,0.00001896,12.05500000
LINKUSDT,1766736000001,0.00010000,12.34300000
LINKUSDT,1766764800007,0.00010000,12.16500000
LINKUSDT,1766793600000,0.00004326,12.17965994
LINKUSDT,1766822400000,0.00010000,12.25200000
LINKUSDT,1766851200011,0.00010000,12.31630651
LINKUSDT,1766880000008,0.00010000,12.51325946
LINKUSDT,1766908800000,0.00010000,12.42600000
LINKUSDT,1766937600000,0.00010000,12.52551674
LINKUSDT,1766966400016,0.00010000,12.49511838
LINKUSDT,1766995200001,0.00010000,12.79500000
LINKUSDT,1767024000000,-0.00001865,12.39200000
LINKUSDT,1767052800005,-0.00001135,12.29859101
LINKUSDT,1767081600001,0.00006423,12.36204997
LINKUSDT,1767110400003,0.00010000,12.52300000
LINKUSDT,1767139200004,0.00004830,12.40900000
LINKUSDT,1767168000001,-0.00001392,12.41200000
LINKUSDT,1767196800001,0.00008961,12.38800000
LINKUSDT,1767225600008,0.00003104,12.20100000
LINKUSDT,1767254400002,-0.00004150,12.17431654
LINKUSDT,1767283200001,-0.00003478,12.38925608
LINKUSDT,1767312000006,0.00010000,12.60398731
LINKUSDT,1767340800007,0.00010000,12.84233387
LINKUSDT,1767369600000,0.00010000,13.07400000
LINKUSDT,1767398400001,0.00010000,13.27270846
LINKUSDT,1767427200000,0.00010000,13.01200000
LINKUSDT,1767456000000,0.00010000,13.06320991
LINKUSDT,1767484800000,0.00010000,13.22500000
LINKUSDT,1767513600000,0.00009093,13.34207873
LINKUSDT,1767542400001,0.00010000,13.49046460
LINKUSDT,1767571200000,0.00010000,13.42075926
LINKUSDT,1767600000000,-0.00000705,13.57453457
LINKUSDT,1767628800000,0.00010000,13.72483750
LINKUSDT,1767657600010,0.00010000,13.90553469
LINKUSDT,1767686400000,0.00001247,13.71546308
LINKUSDT,1767715200000,0.00006252,13.98900000
LINKUSDT,1767744000001,0.00010000,14.03000000
LINKUSDT,1767772800001,0.00009052,13.86926707
LINKUSDT,1767801600001,-0.00003939,13.36749144
LINKUSDT,1767830400001,0.00007522,13.43800000
LINKUSDT,1767859200000,0.00010000,13.31596290
LINKUSDT,1767888000000,0.00010000,13.29837508
LINKUSDT,1767916800003,0.00010000,13.20809980
LINKUSDT,1767945600000,0.00010000,13.26100000
LINKUSDT,1767974400001,0.00005496,13.28500000
LINKUSDT,1768003200000,0.00005182,13.13618446
LINKUSDT,1768032000002,0.00004133,13.16450004
LINKUSDT,1768060800001,0.00010000,13.16000000
LINKUSDT,1768089600003,0.00010000,13.13200000
LINKUSDT,1768118400006,0.00009274,13.23434462
LINKUSDT,1768147200000,0.00010000,13.20000000
LINKUSDT,1768176000005,0.00000556,13.20410959
LINKUSDT,1768204800000,0.00010000,13.26460664
LINKUSDT,1768233600000,-0.00000424,13.24100000
LINKUSDT,1768262400007,-0.00000406,13.07350312
LINKUSDT,1768291200009,0.00010000,13.18429795
LINKUSDT,1768320000002,0.00010000,13.56782343
LINKUSDT,1768348800000,0.00010000,14.05726570
LINKUSDT,1768377600001,0.00010000,14.05329263
LINKUSDT,1768406400004,0.00010000,14.23567372
LINKUSDT,1768435200000,0.00010000,14.10288723
LINKUSDT,1768464000004,0.00010000,13.92863710
LINKUSDT,1768492800002,0.00006760,13.95853261
LINKUSDT,1768521600000,-0.00008334,13.78854715
LINKUSDT,1768550400000,0.00002678,13.78941641
LINKUSDT,1768579200001,0.00002659,13.48000000
LINKUSDT,1768608000000,0.00010000,13.72432880
LINKUSDT,1768636800000,0.00007410,13.69800000
LINKUSDT,1768665600002,0.00009060,13.88102956
LINKUSDT,1768694400001,0.00009160,13.73752309
LINKUSDT,1768723200000,-0.00001998,13.73095724
LINKUSDT,1768752000000,-0.00004631,13.77000000
LINKUSDT,1768780800007,-0.00000742,13.30000000
LINKUSDT,1768809600007,-0.00003559,12.76400000
LINKUSDT,1768838400007,-0.00000992,12.76431332
LINKUSDT,1768867200005,0.00004747,12.87743381
LINKUSDT,1768896000001,0.00008139,12.60900000
LINKUSDT,1768924800009,0.00004766,12.43550051
LINKUSDT,1768953600001,0.00003063,12.12000000
LINKUSDT,1768982400011,-0.00010599,12.31100000
LINKUSDT,1769011200011,0.00004000,12.43300000
LINKUSDT,1769040000010,0.00006550,12.39698370
LINKUSDT,1769068800003,0.00010000,12.42200000
LINKUSDT,1769097600005,0.00000183,12.22403850
LINKUSDT,1769126400005,-0.00001228,12.25200000
LINKUSDT,1769155200000,0.00004336,12.27417793
LINKUSDT,1769184000011,-0.00005501,12.24700000
LINKUSDT,1769212800011,-0.00003588,12.21200000
LINKUSDT,1769241600002,-0.00001318,12.20152728
LINKUSDT,1769270400001,-0.00004066,12.14600000
LINKUSDT,1769299200002,0.00008664,12.19800000
LINKUSDT,1769328000011,0.00000680,12.08048411
LINKUSDT,1769356800005,-0.00001716,11.96218648
LINKUSDT,1769385600000,0.00002004,11.51700000
LINKUSDT,1769414400003,0.00010000,11.85700000
LINKUSDT,1769443200000,0.00008566,11.91400000
LINKUSDT,1769472000002,0.00005522,11.94335151
LINKUSDT,1769500800000,0.00008885,11.98363697
LINKUSDT,1769529600000,0.00002392,11.98900000
LINKUSDT,1769558400000,0.00010000,12.03850461
LINKUSDT,1769587200000,0.00010000,11.93849333
LINKUSDT,1769616000000,-0.00007910,11.75800000
LINKUSDT,1769644800000,0.00005849,11.83800000
LINKUSDT,1769673600009,-0.00007963,11.62580414
LINKUSDT,1769702400000,-0.00009410,11.02907843
LINKUSDT,1769731200008,0.00007601,11.12232531
LINKUSDT,1769760000000,0.00010000,10.84068589
LINKUSDT,1769788800001,0.00005613,10.76445538
LINKUSDT,1769817600000,0.00008620,10.78300000
LINKUSDT,1769846400001,-0.00005718,10.61291972
LINKUSDT,1769875200009,0.00000854,10.04100000
LINKUSDT,1769904000001,0.00002467,9.98733877
LINKUSDT,1769932800004,0.00007390,9.93807831
LINKUSDT,1769961600000,0.00010000,9.52968586
LINKUSDT,1769990400000,0.00010000,9.40333811
LINKUSDT,1770019200014,0.00006557,9.38900000
LINKUSDT,1770048000000,-0.00010104,9.92600000
LINKUSDT,1770076800000,0.00008201,9.80331583
LINKUSDT,1770105600007,0.00003154,9.73200000
LINKUSDT,1770134400000,0.00005005,9.74400000
LINKUSDT,1770163200002,0.00010000,9.48400000
LINKUSDT,1770192000007,0.00009555,9.67302686
LINKUSDT,1770220800000,0.00007157,9.21338060
LINKUSDT,1770249600011,0.00009638,9.25100000
LINKUSDT,1770278400000,0.00007868,9.05200000
LINKUSDT,1770307200007,-0.00000760,8.45800000
LINKUSDT,1770336000000,-0.00003347,7.91368194
LINKUSDT,1770364800001,-0.00001097,8.07600000
LINKUSDT,1770393600000,-0.00001753,8.57700000
LINKUSDT,1770422400003,-0.00002494,8.87800000
LINKUSDT,1770451200000,0.00005405,8.68941120
LINKUSDT,1770480000010,0.00007691,8.81900000
LINKUSDT,1770508800003,0.00003001,8.90393602
LINKUSDT,1770537600000,-0.00001902,8.82800000
LINKUSDT,1770566400000,-0.00005034,8.88340657
LINKUSDT,1770595200002,0.00000072,8.82494364
LINKUSDT,1770624000001,0.00002431,8.72835388
LINKUSDT,1770652800007,0.00007845,8.75300000
LINKUSDT,1770681600000,0.00002527,8.83200000
LINKUSDT,1770710400007,0.00001476,8.53997168
LINKUSDT,1770739200000,0.00004894,8.57000000
LINKUSDT,1770768000000,0.00005965,8.56900000
LINKUSDT,1770796800006,0.00002307,8.31500000
LINKUSDT,1770825600000,-0.00007155,8.23600000
LINKUSDT,1770854400000,0.00003040,8.32345737
LINKUSDT,1770883200001,0.00007919,8.45697869
LINKUSDT,1770912000001,0.00001278,8.35000000
LINKUSDT,1770940800007,0.00008480,8.41000000
LINKUSDT,1770969600003,0.00003644,8.37464546
LINKUSDT,1770998400005,0.00005298,8.70300000
LINKUSDT,1771027200002,0.00004844,8.76472658
LINKUSDT,1771056000004,0.00002594,8.88200000
LINKUSDT,1771084800002,0.00004944,9.03300000
LINKUSDT,1771113600000,-0.00002876,9.08500000
LINKUSDT,1771142400002,-0.00002449,9.19800000
LINKUSDT,1771171200000,0.00007101,8.86500000
LINKUSDT,1771200000001,0.00003183,8.78052608
LINKUSDT,1771228800003,-0.00001150,8.75900000
LINKUSDT,1771257600000,0.00002939,8.70532546
LINKUSDT,1771286400008,0.00004300,8.93366377
LINKUSDT,1771315200001,0.00010000,8.86600000
LINKUSDT,1771344000002,0.00005641,8.77306211
LINKUSDT,1771372800000,0.00004079,8.82408789
LINKUSDT,1771401600000,0.00000403,8.91368540
LINKUSDT,1771430400011,-0.00006541,8.80405468
LINKUSDT,1771459200013,-0.00009407,8.59800000
LINKUSDT,1771488000000,-0.00002359,8.69500000
LINKUSDT,1771516800003,-0.00006934,8.43600000
LINKUSDT,1771545600000,-0.00002871,8.57200000
LINKUSDT,1771574400000,0.00007938,8.65106046
LINKUSDT,1771603200000,0.00009551,8.82647802
LINKUSDT,1771632000004,0.00010000,8.93786770
LINKUSDT,1771660800000,0.00006491,8.86100000
LINKUSDT,1771689600005,0.00002607,8.93200000
LINKUSDT,1771718400001,0.00001508,8.86956712
LINKUSDT,1771747200004,-0.00009951,8.85000000
LINKUSDT,1771776000000,-0.00004577,8.70940107
LINKUSDT,1771804800001,-0.00003489,8.67737363
LINKUSDT,1771833600000,-0.00004250,8.35119689
LINKUSDT,1771862400000,0.00010000,8.41400000
LINKUSDT,1771891200007,0.00005190,8.26300000
LINKUSDT,1771920000000,0.00004123,8.14929156
LINKUSDT,1771948800001,0.00000087,8.21515169
LINKUSDT,1771977600001,-0.00005234,8.19120250
LINKUSDT,1772006400007,0.00010000,8.47355276
LINKUSDT,1772035200000,0.00010000,9.27809147
LINKUSDT,1772064000000,0.00010000,9.26856108
LINKUSDT,1772092800006,0.00007884,9.20351742
LINKUSDT,1772121600002,0.00000100,9.11600000
LINKUSDT,1772150400007,0.00003414,9.09300000
LINKUSDT,1772179200000,0.00008334,9.17200000
LINKUSDT,1772208000001,-0.00000963,8.81151988
LINKUSDT,1772236800000,-0.00001838,8.70520499
LINKUSDT,1772265600000,-0.00001679,8.34874817
LINKUSDT,1772294400004,-0.00008139,8.43100000
LINKUSDT,1772323200005,0.00009490,8.84045841
LINKUSDT,1772352000000,0.00010000,8.97200000
LINKUSDT,1772380800002,0.00001180,8.91100000
LINKUSDT,1772409600001,0.00007303,8.66889048
LINKUSDT,1772438400007,0.00006778,8.66800000
LINKUSDT,1772467200000,0.00003281,9.10336900
LINKUSDT,1772496000000,0.00001809,8.94500000
LINKUSDT,1772524800000,0.00004430,8.79275208
LINKUSDT,1772553600007,-0.00005246,8.74402665
LINKUSDT,1772582400001,0.00000891,8.80500000
LINKUSDT,1772611200005,0.00003808,8.89876413
LINKUSDT,1772640000000,0.00004713,9.49700000
LINKUSDT,1772668800000,0.00010000,9.34833494
LINKUSDT,1772697600000,0.00001778,9.21567408
LINKUSDT,1772726400004,-0.00010568,9.23146765
LINKUSDT,1772755200001,0.00006581,9.20157690
LINKUSDT,1772784000001,0.00001090,9.27100000
LINKUSDT,1772812800004,-0.00013472,8.78775537
LINKUSDT,1772841600001,-0.00010882,8.79200000
LINKUSDT,1772870400012,0.00001528,8.80282048
LINKUSDT,1772899200001,-0.00002900,8.75115277
LINKUSDT,1772928000001,-0.00009369,8.69300000
LINKUSDT,1772956800000,-0.00003489,8.63187358
LINKUSDT,1772985600002,0.00000321,8.56300000
LINKUSDT,1773014400000,-0.00002838,8.51334775
LINKUSDT,1773043200004,0.00003674,8.73400000
LINKUSDT,1773072000003,0.00008078,8.92355048
LINKUSDT,1773100800012,0.00010000,8.86457351
LINKUSDT,1773129600002,0.00007243,9.07500000
LINKUSDT,1773158400001,0.00006181,9.12923575
LINKUSDT,1773187200000,-0.00000912,8.97927488
LINKUSDT,1773216000007,0.00006948,8.88400000
LINKUSDT,1773244800010,0.00004602,8.99200000
LINKUSDT,1773273600000,0.00008122,8.99300000
LINKUSDT,1773302400000,-0.00008986,8.94300000
LINKUSDT,1773331200000,0.00002980,9.03271572
LINKUSDT,1773360000006,0.00010000,9.05276107
LINKUSDT,1773388800001,0.00010000,9.19200000
LINKUSDT,1773417600000,0.00010000,9.26403230
LINKUSDT,1773446400001,0.00006263,9.08000000
LINKUSDT,1773475200000,0.00010000,8.97622454
LINKUSDT,1773504000007,-0.00013564,8.99800000
LINKUSDT,1773532800000,0.00004363,9.16300000
LINKUSDT,1773561600000,0.00010000,9.21300000
LINKUSDT,1773590400000,0.00010000,9.15156787
LINKUSDT,1773619200000,0.00007534,9.49219886
LINKUSDT,1773648000010,0.00010000,9.68200000
LINKUSDT,1773676800000,-0.00000666,9.71457702
LINKUSDT,1773705600000,-0.00004602,9.91700000
LINKUSDT,1773734400002,0.00007088,9.79300000
LINKUSDT,1773763200011,0.00001092,9.79883938
LINKUSDT,1773792000002,0.00010000,9.78600000
LINKUSDT,1773820800002,-0.00002468,9.80800000
LINKUSDT,1773849600005,-0.00014149,9.20100000
LINKUSDT,1773878400000,-0.00014346,9.22200000
LINKUSDT,1773907200003,0.00002792,9.09305075
LINKUSDT,1773936000003,0.00000487,8.95800000
LINKUSDT,1773964800002,-0.00005076,9.04100000
LINKUSDT,1773993600000,-0.00000639,9.11075354
LINKUSDT,1774022400000,0.00002986,9.02386040
LINKUSDT,1774051200000,-0.00009382,9.11159159
LINKUSDT,1774080000000,0.00008882,9.12300000
LINKUSDT,1774108800014,0.00007019,9.10373809
LINKUSDT,1774137600012,-0.00004838,8.82147914
LINKUSDT,1774166400007,-0.00000921,8.83700000
LINKUSDT,1774195200002,0.00005911,8.79598163
LINKUSDT,1774224000000,0.00010000,8.68436258
LINKUSDT,1774252800003,0.00009535,8.64200000
LINKUSDT,1774281600002,0.00004966,9.04607924
LINKUSDT,1774310400000,0.00009937,9.10354315
LINKUSDT,1774339200000,0.00003613,9.24262092
LINKUSDT,1774368000003,-0.00008584,9.11300000
LINKUSDT,1774396800000,0.00010000,9.24600000
LINKUSDT,1774425600000,0.00010000,9.28400000
LINKUSDT,1774454400013,0.00002234,9.36300000
LINKUSDT,1774483200001,0.00010000,9.37204210
LINKUSDT,1774512000001,0.00003640,9.09938995
LINKUSDT,1774540800000,-0.00005766,8.93331198
LINKUSDT,1774569600006,-0.00001570,8.91228600
LINKUSDT,1774598400000,0.00005304,8.90300000
LINKUSDT,1774627200000,-0.00014801,8.60658971
LINKUSDT,1774656000005,0.00003029,8.56464990
LINKUSDT,1774684800005,-0.00003861,8.59861672
LINKUSDT,1774713600000,0.00001966,8.63600000
LINKUSDT,1774742400003,-0.00003746,8.43413766
LINKUSDT,1774771200001,0.00004510,8.51151211
LINKUSDT,1774800000000,-0.00004709,8.42200000
LINKUSDT,1774828800000,0.00003047,8.40988243
LINKUSDT,1774857600005,0.00010000,8.74060480
LINKUSDT,1774886400000,0.00010000,8.82791205
LINKUSDT,1774915200000,0.00010000,8.62141538
LINKUSDT,1774944000000,0.00006879,8.70600000
LINKUSDT,1774972800000,0.00002116,8.62395656
LINKUSDT,1775001600000,0.00010000,8.77700000
LINKUSDT,1775030400000,0.00010000,9.05651810
LINKUSDT,1775059200000,0.00010000,9.00514833
LINKUSDT,1775088000003,0.00010000,8.94065964
LINKUSDT,1775116800001,-0.00011712,8.56000000
LINKUSDT,1775145600001,-0.00007324,8.56100000
LINKUSDT,1775174400000,-0.00002889,8.62700000
LINKUSDT,1775203200008,0.00009330,8.71253503
LINKUSDT,1775232000008,0.00010000,8.69383180
LINKUSDT,1775260800000,0.00008233,8.65448543
LINKUSDT,1775289600003,-0.00002821,8.65400000
LINKUSDT,1775318400000,0.00004905,8.68394786
LINKUSDT,1775347200008,0.00010000,8.68900000
LINKUSDT,1775376000000,-0.00003154,8.52918981
LINKUSDT,1775404800001,-0.00008873,8.59600000
LINKUSDT,1775433600004,0.00007633,8.82000000
LINKUSDT,1775462400001,0.00010000,8.96041631
LINKUSDT,1775491200003,0.00010000,9.08210401
LINKUSDT,1775520000000,0.00010000,8.79798195
LINKUSDT,1775548800000,0.00006159,8.76308529
LINKUSDT,1775577600000,0.00002687,8.61881894
LINKUSDT,1775606400000,0.00010000,9.28400000
LINKUSDT,1775635200000,0.00010000,9.25635824
LINKUSDT,1775664000006,0.00002295,9.02856094
LINKUSDT,1775692800000,-0.00005409,8.85200000
LINKUSDT,1775721600010,-0.00014832,8.75100000
LINKUSDT,1775750400001,-0.00002649,8.94000929
LINKUSDT,1775779200000,0.00003718,8.94362524
LINKUSDT,1775808000005,0.00003425,8.89500000
LINKUSDT,1775836800000,0.00003647,9.05200000
LINKUSDT,1775865600000,0.00009479,9.08038373
LINKUSDT,1775894400000,-0.00005366,9.00600000
LINKUSDT,1775923200003,-0.00002350,9.02147669
LINKUSDT,1775952000000,0.00010000,9.06406183
LINKUSDT,1775980800000,-0.00023185,8.79100000
LINKUSDT,1776009600000,0.00000846,8.71110426
LINKUSDT,1776038400011,-0.00000633,8.72800000
LINKUSDT,1776067200006,0.00008293,8.72419988
LINKUSDT,1776096000000,-0.00006314,8.81900000
LINKUSDT,1776124800005,0.00010000,9.35804106
LINKUSDT,1776153600003,0.00006769,9.21256280
LINKUSDT,1776182400001,0.00005278,9.12600000
LINKUSDT,1776211200000,-0.00006269,9.01400000
LINKUSDT,1776240000000,0.00000534,9.01000000
LINKUSDT,1776268800000,0.00004480,9.16207872
LINKUSDT,1776297600013,0.00010000,9.25800000
LINKUSDT,1776326400000,0.00010000,9.29200000
LINKUSDT,1776355200000,0.00010000,9.45899008
LINKUSDT,1776384000001,0.00010000,9.59511277
LINKUSDT,1776412800011,0.00004848,9.46700000
LINKUSDT,1776441600001,0.00008976,9.74954415
LINKUSDT,1776470400001,0.00010000,9.61410009
LINKUSDT,1776499200006,0.00002419,9.59800000
LINKUSDT,1776528000000,-0.00000361,9.37952957
LINKUSDT,1776556800002,0.00001532,9.27600000
LINKUSDT,1776585600010,0.00000216,9.17000000
LINKUSDT,1776614400001,-0.00000990,9.28508987
LINKUSDT,1776643200000,-0.00000398,9.05675124
LINKUSDT,1776672000000,0.00003426,9.24200000
LINKUSDT,1776700800001,0.00002396,9.26403066
LINKUSDT,1776729600000,0.00002534,9.28200000
LINKUSDT,1776758400004,0.00007318,9.36000000
LINKUSDT,1776787200004,0.00007057,9.41300000
LINKUSDT,1776816000004,0.00007547,9.39200000
LINKUSDT,1776844800000,0.00010000,9.50022318
LINKUSDT,1776873600000,0.00007763,9.48545315
LINKUSDT,1776902400000,0.00003715,9.28400000
LINKUSDT,1776931200000,-0.00014477,9.23200000
LINKUSDT,1776960000004,0.00010000,9.34500000
LINKUSDT,1776988800006,0.00005572,9.34400000
LINKUSDT,1777017600000,0.00010000,9.28600000
LINKUSDT,1777046400000,0.00008613,9.36659466
LINKUSDT,1777075200000,0.00010000,9.37100000
LINKUSDT,1777104000002,0.00010000,9.39800000
LINKUSDT,1777132800002,0.00006749,9.34790019
LINKUSDT,1777161600003,0.00003243,9.34256444
LINKUSDT,1777190400007,0.00000963,9.41800000
LINKUSDT,1777219200004,0.00010000,9.48963968
LINKUSDT,1777248000004,0.00007521,9.48100000
LINKUSDT,1777276800000,-0.00003220,9.30384822
LINKUSDT,1777305600002,0.00004137,9.17800000
LINKUSDT,1777334400001,0.00001161,9.31688841
LINKUSDT,1777363200000,0.00010000,9.25374536
LINKUSDT,1777392000004,0.00007260,9.22208931
LINKUSDT,1777420800006,0.00009219,9.23700000
LINKUSDT,1777449600011,0.00008179,9.31791927
LINKUSDT,1777478400003,-0.00005278,9.08877398
LINKUSDT,1777507200002,-0.00003026,9.10700000
LINKUSDT,1777536000000,-0.00004512,9.12330577
LINKUSDT,1777564800000,-0.00006622,9.13200000
LINKUSDT,1777593600000,0.00006840,9.10054253
LINKUSDT,1777622400005,0.00004773,9.14869000
LINKUSDT,1777651200000,0.00004909,9.22300000
LINKUSDT,1777680000006,-0.00005854,9.09468531
LINKUSDT,1777708800000,0.00001345,9.08000000
LINKUSDT,1777737600010,0.00002084,9.15800000
LINKUSDT,1777766400005,0.00010000,9.17365400
LINKUSDT,1777795200003,-0.00019549,9.11100000
LINKUSDT,1777824000000,0.00010000,9.15390528
LINKUSDT,1777852800000,-0.00003485,9.12200000
LINKUSDT,1777881600000,0.00010000,9.31700000
LINKUSDT,1777910400003,0.00007727,9.41200000
LINKUSDT,1777939200000,0.00008353,9.35500000
LINKUSDT,1777968000011,0.00000341,9.59900000
LINKUSDT,1777996800000,0.00010000,9.72000000
LINKUSDT,1778025600010,0.00010000,9.76300000
LINKUSDT,1778054400000,0.00010000,9.87204307
LINKUSDT,1778083200002,0.00010000,10.03303686
LINKUSDT,1778112000000,0.00010000,9.99300000
LINKUSDT,1778140800000,0.00010000,10.11809408
LINKUSDT,1778169600004,0.00010000,9.86100000
LINKUSDT,1778198400003,0.00010000,9.84600000
LINKUSDT,1778227200002,0.00010000,9.89191042
LINKUSDT,1778256000003,0.00010000,10.08898957
LINKUSDT,1778284800000,0.00010000,10.34049598
LINKUSDT,1778313600001,0.00010000,10.45923946
LINKUSDT,1778342400002,0.00004412,10.33271352
LINKUSDT,1778371200003,0.00003086,10.36894038
LINKUSDT,1778400000000,0.00004317,10.41700000
